id,name,entries,breach_date,unverified,passwordless,compilation
1,MyHeritage.com,"{'l': 0, 'e': 86739843}",2017-10,0,0,0
2,BlackHatDevil.com,"{'l': 0, 'e': 14286}",,0,0,0
3,Brazzers.com,"{'l': 0, 'e': 795143}",2013-04,0,0,0
4,Paxful.com,"{'l': 0, 'e': 283050}",,0,0,0
5,Wanadoo,"{'e': 137847, 'l': 0}",,0,0,0
6,Aternos.org,"{'e': 919851, 'l': 858934}",2015-12,0,0,0
7,ButterFlyLabs.com,"{'l': 0, 'e': 18451}",2014-11,0,0,0
8,Cfire.mail.ru,"{'e': 10144950, 'l': 8876509}",2016-08,0,0,0
9,MMORG.net,"{'l': 0, 'e': 2341848}",,0,0,0
10,MineSerwer.pl,"{'l': 0, 'e': 11323}",,0,0,0
11,FFShrine.org,"{'l': 0, 'e': 491121}",2015-09,0,0,0
12,Wallet.btc.com,"{'l': 0, 'e': 12510}",,0,0,0
13,MerlinsMagicBitcoins.com,"{'l': 0, 'e': 1531}",,0,0,0
14,AnyWhere.xxx,"{'l': 0, 'e': 512694}",,0,0,0
15,MythicalWorld.net,"{'l': 0, 'e': 73697}",2015-09,0,0,0
16,Poloniex.com,"{'l': 0, 'e': 949697}",,0,0,0
18,Hitfinex,"{'l': 0, 'e': 441869}",,0,0,0
19,Coins.numizmat.net,"{'l': 0, 'e': 2911}",,0,0,0
20,Parapa.mail.ru,"{'e': 4690664, 'l': 4283713}",2016-08,0,0,0
21,CapitalGames.com,"{'l': 0, 'e': 430404}",2015-10,0,0,0
22,Cafepress.com,"{'e': 10069713, 'l': 0}",2019-02,0,0,0
23,Cannabiscardpay.com,"{'l': 0, 'e': 10828}",2017-10,0,0,0
24,Dailymotion.com,"{'e': 1430751, 'l': 1163019}",2016-10,0,0,0
25,Clubfactory.com,"{'l': 0, 'e': 10842}",,0,0,0
26,FrostLand,"{'l': 0, 'e': 343199}",,0,0,0
27,Nextgenupdate.com,"{'e': 1049807, 'l': 1004087}",2013-12,0,0,0
28,Hmps.in,"{'l': 0, 'e': 123578}",2019-09,0,0,0
29,Xoffer.hk,"{'l': 0, 'e': 37261}",,0,0,0
30,Evgexacraft.ru,"{'l': 0, 'e': 295606}",,0,0,0
31,Xpgamesaves.com,"{'l': 0, 'e': 739574}",2015-12,0,0,0
32,Lacedrecords.co,"{'l': 0, 'e': 52146}",,0,0,0
33,Bondagestory.biz,"{'l': 0, 'e': 37512}",,0,0,0
34,MemberReportAccess.com,"{'l': 0, 'e': 888962}",,0,0,0
35,Gfycat.com,"{'l': 0, 'e': 146086}",,0,0,0
36,FoxyBingo.com,"{'l': 0, 'e': 258097}",2007-03,0,0,0
37,Hongfire.com,"{'e': 846397, 'l': 761080}",2015-03,0,0,0
38,iMesh.com,"{'e': 44113700, 'l': 41688594}",2013-09,0,0,0
39,Iqrashop.com,"{'l': 0, 'e': 130211}",,0,0,0
40,Powerbot.org,"{'l': 124987, 'e': 427584}",2014-09,0,0,0
41,CheatGamer.com,"{'l': 0, 'e': 337122}",,0,0,0
42,Avvo.com,"{'e': 1926666, 'l': 0}",,0,0,0
43,CashCrate.com,"{'l': 0, 'e': 6457026}",2016-11,0,0,0
44,Creocommunity.com,"{'l': 0, 'e': 188684}",2017-11,0,0,0
45,Forums.Cdprojektred.com,"{'l': 0, 'e': 623161}",,0,0,0
46,Dogewallet.com,"{'l': 0, 'e': 22305}",2013-12,0,0,0
48,StockX.com,"{'e': 8947015, 'l': 6763332}",2019-07,0,0,0
49,Gameshot.net,"{'l': 0, 'e': 300062}",2017-10,0,0,0
50,Duelingnetwork.com,"{'e': 6268255, 'l': 5707401}",2017-03,0,0,0
51,BlankMediaGames.com,"{'e': 3857698, 'l': 3760082}",2018-12,0,0,0
52,WorldPokerTour.com,"{'l': 0, 'e': 89361}",,0,0,0
53,Lotro.com,"{'e': 927683, 'l': 984066}",2013-07,0,0,0
54,Fotoboom.com,"{'l': 0, 'e': 88498}",,0,0,0
55,PvPWars.net,"{'l': 0, 'e': 11825}",,0,0,0
56,OmegaCraft.cl,"{'l': 0, 'e': 1277}",,0,0,0
57,EpicGames.com,"{'e': 81674, 'l': 84174}",2016-07,0,0,0
58,ShoppingBitcoins.com,"{'l': 0, 'e': 2974}",,0,0,0
59,Forums.xkcd.com,"{'e': 269202, 'l': 68730}",2019-07,0,0,0
60,Renren.com,"{'l': 0, 'e': 3028497}",2011-11,0,0,0
61,Bendercraft.ru,"{'l': 0, 'e': 157376}",,0,0,0
62,Elance.com,"{'l': 0, 'e': 1253013}",2009-01,0,0,0
63,Liancaijing.com,"{'l': 0, 'e': 122871}",,0,0,0
64,Hostinger,"{'l': 0, 'e': 311577}",,0,0,0
65,Mediafire.com,"{'l': 0, 'e': 138534}",,0,0,0
66,Frozencraft.ru,"{'l': 0, 'e': 27607}",2015-01,0,0,0
67,Forbes.com,"{'l': 0, 'e': 266853}",2014-02,0,0,0
68,Whitepages.com,"{'e': 2164543, 'l': 0}",2016-06,0,0,0
69,Stickam.com,"{'l': 504087, 'e': 532797}",2017-11,0,0,0
70,Playforceone.com,"{'l': 0, 'e': 213127}",,0,0,0
71,Coinmama.com,"{'e': 239751, 'l': 0}",2017-08,0,0,0
72,Xclan.org,"{'l': 0, 'e': 11586}",,0,0,0
73,GFAN.com,"{'l': 0, 'e': 7291019}",2016-10,0,0,0
74,Hautelook.com,"{'e': 14145567, 'l': 0}",2018-08,0,0,0
75,Mpgh.net,"{'l': 0, 'e': 2669584}",2015-10,0,0,0
76,PubPit.com,"{'l': 0, 'e': 51178}",,0,0,0
77,Kraken.com,"{'l': 0, 'e': 14363}",,0,0,0
78,Animoto.com,"{'e': 11804418, 'l': 0}",2018-07,0,0,0
79,R2Games.com,"{'e': 8504787, 'l': 7140110}",2015-11,0,0,0
80,Bleachanime.org,"{'l': 0, 'e': 109612}",2014-11,0,0,0
81,Corevin.com,"{'l': 0, 'e': 730951}",,0,0,0
82,Ueber18.de,"{'l': 0, 'e': 496715}",2016-12,0,0,0
83,EyeEm.com,"{'e': 4258829, 'l': 458052}",2018-02,0,0,0
84,Roll20.net,"{'e': 1267220, 'l': 0}",2018-12,0,0,0
85,Canva.com,"{'e': 141054799, 'l': 0}",2019-05,0,0,0
86,Developers-Heaven.net,"{'l': 0, 'e': 4169}",2019-08,0,0,0
87,Hacker.co.kr,"{'l': 0, 'e': 1352850}",2009-11,0,0,0
88,Cannabis.com,"{'l': 0, 'e': 204356}",2014-01,0,0,0
90,Gamesnord.com,"{'l': 0, 'e': 592573}",,0,0,0
91,Moneyman.org,"{'l': 0, 'e': 529719}",,0,0,0
92,TintenProfi.ch,"{'l': 0, 'e': 90076}",,0,0,0
93,TheWarinc.com,"{'l': 0, 'e': 869402}",2012-06,0,0,0
94,Petflow.com,"{'e': 959494, 'l': 0}",2017-12,0,0,0
95,Shotbow.net,"{'l': 0, 'e': 53490}",2016-04,0,0,0
96,Hostmonster.com,"{'l': 0, 'e': 36036}",,0,0,0
97,Strongholdkingdoms.com,"{'l': 2892917, 'e': 3763101}",2018-07,0,0,0
98,Yahoo.com,"{'l': 0, 'e': 74383177}",2012-07,0,0,0
99,Justskins.com,"{'l': 0, 'e': 2391}",,0,0,0
100,ixigo.com,"{'l': 0, 'e': 4274041}",2019-01,0,0,0
101,Wealth-Start-Business.com,"{'l': 0, 'e': 205335}",,0,0,0
103,Toondoo.com,"{'e': 4919439, 'l': 4658832}",2018-11,0,0,0
104,Leet.cc,"{'e': 1989017, 'l': 2183066}",2016-01,0,0,0
105,Wonderpolls.com,"{'e': 120034, 'l': 0}",,0,0,0
106,Funny-Games.biz,"{'l': 0, 'e': 714884}",,0,0,0
107,Bit2Visitor.com,"{'l': 0, 'e': 22853}",,0,0,0
108,Klerk.ru,"{'l': 0, 'e': 151048}",2014-02,0,0,0
109,EpicNPC.com,"{'l': 0, 'e': 58213}",2016-01,0,0,0
110,Tunngle.net,"{'e': 15121571, 'l': 5910950}",2015-11,0,0,0
111,000webhost.com,"{'l': 0, 'e': 14857564}",2015-03,0,0,0
112,Forums.gre.net,"{'l': 0, 'e': 46007}",,0,0,0
113,Bitcoin.Lixter.com,"{'l': 0, 'e': 2971}",2014-08,0,0,0
114,Rekrute.com,"{'l': 0, 'e': 579089}",,0,0,0
115,Bitly.com,"{'l': 0, 'e': 4662626}",2014-04,0,0,0
116,Buxp.org,"{'l': 0, 'e': 458970}",2016-03,0,0,0
117,WeHeartIt.com,"{'e': 2373896, 'l': 2177307}",2013-10,0,0,0
119,Gamesforum.de,"{'l': 0, 'e': 61062}",,0,0,0
120,Qiannao.com,"{'l': 0, 'e': 572726}",2010-11,0,0,0
121,BlackHatProTools.net,"{'l': 0, 'e': 71899}",2018-06,0,0,0
123,Runelite.net,"{'l': 0, 'e': 77858}",,0,0,0
124,ConnectPress.com,"{'l': 0, 'e': 335065}",2012-11,0,0,0
125,Vps.it,"{'l': 0, 'e': 46373}",2017-11,0,0,0
126,Houzz.com,"{'e': 10690789, 'l': 0}",2018-05,0,0,0
127,Forums.Seochat.com,"{'l': 0, 'e': 232837}",,0,0,0
128,MyMiniGames.com,"{'l': 0, 'e': 150846}",,0,0,0
130,Ias100.in,"{'l': 0, 'e': 152461}",2016-11,0,0,0
131,Demonforums.net,"{'e': 38960, 'l': 38720}",2019-02,0,0,0
132,Estantevirtual.com.br,"{'l': 0, 'e': 3402381}",,0,0,0
133,Profitech.hu,"{'e': 90507, 'l': 0}",,0,0,0
134,Forums.LinuxMint.com,"{'l': 0, 'e': 67109}",,0,0,0
136,Oneland.ru,"{'l': 0, 'e': 96991}",2016-11,0,0,0
137,Storybird.com,"{'l': 0, 'e': 686090}",,0,0,0
138,MagazineDee.com,"{'l': 0, 'e': 107346}",2016-11,0,0,0
139,CraftBoard.pl,"{'l': 0, 'e': 17974}",2016-06,0,0,0
140,MangaTraders.com,"{'l': 0, 'e': 843574}",2014-06,0,0,0
141,Learnfrenchbypodcast.com,"{'l': 0, 'e': 120492}",,0,0,0
142,Kickstarter.com,"{'l': 0, 'e': 2408521}",2014-01,0,0,0
144,Dubsmash.com,"{'e': 37473218, 'l': 28645852}",2018-12,0,0,0
145,Cex.io,"{'l': 0, 'e': 95959}",,0,0,0
146,GameSalad.com,"{'l': 808552, 'e': 1123387}",2019-02,0,0,0
147,Forex-Investor.net,"{'l': 0, 'e': 42680}",,0,0,0
148,Over-blog.com,"{'l': 0, 'e': 1904857}",,0,0,0
149,Gameogre.com,"{'l': 0, 'e': 193294}",,0,0,0
150,Abandonia.com,"{'l': 0, 'e': 14179}",2015-10,0,0,0
151,Runescape.Backstreetmerch.com,"{'l': 0, 'e': 167915}",,0,0,0
152,Subagames.com,"{'e': 3423419, 'l': 0}",2016-08,0,0,0
153,Pokemoncreed.net,"{'l': 0, 'e': 116637}",2014-07,0,0,0
154,WarcraftRealms.com,"{'l': 0, 'e': 129184}",2018-11,0,0,0
155,Babynames.net,"{'l': 0, 'e': 583026}",2008-10,0,0,0
156,Coinbulb.com,"{'l': 0, 'e': 569802}",2017-11,0,0,0
157,Jobandtalent.com,"{'e': 5745147, 'l': 0}",2018-01,0,0,0
158,Cre8ASiteForums.com,"{'l': 0, 'e': 22149}",,0,0,0
159,ID.Zing.vn,"{'l': 0, 'e': 22735442}",,0,0,0
160,Forum.DvdRBase.info,"{'l': 0, 'e': 40067}",,0,0,0
161,BitcoinSecurity,"{'l': 0, 'e': 9393718}",2014-01,0,0,0
162,FuckJagex.com,"{'l': 0, 'e': 1556785}",2014-08,0,0,0
163,ClixSense.com,"{'l': 0, 'e': 2221131}",2016-07,0,0,0
164,Game.Kaidown.com,"{'l': 0, 'e': 847467}",,0,0,0
165,LBSG.net,"{'e': 9615229, 'l': 9328538}",2016-01,0,0,0
166,ForumCommunity.net,"{'l': 0, 'e': 745631}",2016-06,0,0,0
167,Void.to,"{'l': 0, 'e': 14819}",2019-06,0,0,0
168,NaughtyAmerica.com,"{'l': 0, 'e': 398394}",2016-02,0,0,0
169,GameTuts.com,"{'l': 0, 'e': 1121822}",2015-03,0,0,0
170,SumoTorrent.sx,"{'l': 0, 'e': 249654}",2016-03,0,0,0
171,Edaboard.com,"{'l': 0, 'e': 347998}",2014-11,0,0,0
172,Gamecom.com,"{'l': 0, 'e': 1003348}",,0,0,0
173,Rewasd.com,"{'l': 0, 'e': 102086}",2019-08,0,0,0
174,Moneycontrol.com,"{'l': 0, 'e': 29873}",,0,0,0
175,SafeSkyHacks.com,"{'l': 0, 'e': 2222}",2016-10,0,0,0
176,Coinpot.co,"{'l': 0, 'e': 130895}",,0,0,0
177,MyFitnessPal.com,"{'e': 49014567, 'l': 47616004}",2018-02,0,0,0
178,Rgbdirect.co.uk,"{'l': 0, 'e': 146043}",,0,0,0
179,Jobmada.com,"{'e': 19982, 'l': 0}",,0,0,0
180,WorldCraftEros.net,"{'l': 0, 'e': 2270}",,0,0,0
181,Funimation.com,"{'l': 587855, 'e': 848158}",2016-07,0,0,0
182,Acne.org,"{'l': 0, 'e': 233197}",2014-11,0,0,0
183,Wanelo.com,"{'e': 3041009, 'l': 0}",2018-12,0,0,0
184,Euronote.hu,"{'l': 0, 'e': 361152}",,0,0,0
185,Gatehub.net,"{'e': 338836, 'l': 65570}",2019-06,0,0,0
186,8Tracks.com,"{'e': 11551966, 'l': 6394986}",2017-06,0,0,0
187,Hitlerattacks.com,"{'l': 0, 'e': 944}",,0,0,0
188,Openraid.org,"{'l': 0, 'e': 253709}",,0,0,0
189,Imgur.com,"{'l': 0, 'e': 1746651}",2013-09,0,0,0
190,ArmorGames.com,"{'l': 8636120, 'e': 9109593}",2019-01,0,0,0
191,Morele.net,"{'e': 869453, 'l': 0}",2018-10,0,0,0
192,Viperc.net,"{'l': 0, 'e': 2442}",,0,0,0
193,Payasugym.com,"{'l': 0, 'e': 284644}",2016-11,0,0,0
194,Bizbilla.com,"{'l': 0, 'e': 168848}",,0,0,0
195,Facepunch.com,"{'l': 0, 'e': 258835}",2016-06,0,0,0
196,SpellForce.com,"{'l': 0, 'e': 109987}",,0,0,0
197,Coachella.com,"{'l': 0, 'e': 205215}",2017-01,0,0,0
198,Mycube.ru,"{'l': 0, 'e': 206183}",2016-11,0,0,0
199,Dating.de,"{'l': 0, 'e': 511384}",2016-05,0,0,0
200,Hydrogenplatform.com,"{'l': 0, 'e': 29471}",,0,0,0
201,Eletroplus.blogspot.com,"{'l': 0, 'e': 74158}",,0,0,0
202,Fitbit.com,"{'l': 0, 'e': 1997430}",,0,0,0
203,Tibia.net.pl,"{'l': 0, 'e': 341398}",2015-11,0,0,0
204,Nihonomaru.net,"{'l': 0, 'e': 1555849}",2015-03,0,0,0
205,Techimo.com,"{'l': 0, 'e': 300125}",2016-12,0,0,0
207,Lookbook.nu,"{'l': 0, 'e': 1071282}",2016-04,0,0,0
208,VaroxCraft.de,"{'l': 0, 'e': 1425}",,0,0,0
209,Shadi.com,"{'l': 0, 'e': 2016544}",2016-06,0,0,0
210,Chegg.com,"{'e': 30017159, 'l': 0}",2018-03,0,0,0
211,MortalOnline.com,"{'e': 610051, 'l': 574231}",2018-06,0,0,0
212,Mate1.com,"{'l': 0, 'e': 27184842}",2015-10,0,0,0
213,Go4EngineeringJobs.com,"{'l': 0, 'e': 171622}",,0,0,0
214,Bitshacking.com,"{'l': 0, 'e': 31697}",2014-02,0,0,0
215,HazeCash.com,"{'l': 0, 'e': 800257}",2016-12,0,0,0
217,Spohesap.com,"{'l': 0, 'e': 6188}",,0,0,0
218,TeamExtremeMc.com,"{'l': 0, 'e': 70393}",2015-03,0,0,0
219,BitsCircle.com,"{'l': 0, 'e': 18956}",,0,0,0
220,Marketdownload.com,"{'l': 0, 'e': 104315}",2016-11,0,0,0
221,Zloadr.com,"{'l': 0, 'e': 8714}",,0,0,0
222,Onebip.com,"{'l': 0, 'e': 1890269}",2017-09,0,0,0
223,EmuParadise.me,"{'l': 730812, 'e': 757331}",2018-04,0,0,0
224,VanityMC.co,"{'l': 0, 'e': 9550}",,0,0,0
225,Forums.Manacube.com,"{'l': 0, 'e': 52531}",,0,0,0
226,NexusMods.com,"{'e': 5533442, 'l': 4990446}",2013-07,0,0,0
227,Instaforex.com,"{'l': 0, 'e': 263385}",,0,0,0
228,Kaboom.su,"{'l': 0, 'e': 77006}",2015-09,0,0,0
229,Redbox.com,"{'l': 0, 'e': 246921}",,0,0,0
230,Faucethub.io,"{'l': 0, 'e': 547991}",,0,0,0
231,Btc60.net,"{'l': 0, 'e': 52146}",,0,0,0
232,Gametag.com,"{'l': 0, 'e': 208066}",2017-10,0,0,0
233,Psyonix.com,"{'l': 0, 'e': 979504}",,0,0,0
234,Intellego.com,"{'l': 0, 'e': 478183}",,0,0,0
235,YingjieSheng.com,"{'l': 0, 'e': 728391}",,0,0,0
236,Cracked.to,"{'l': 0, 'e': 23582}",2019-07,0,0,0
237,DLH.net,"{'l': 0, 'e': 3139638}",2016-07,0,0,0
238,Windhanenergy.io,"{'l': 0, 'e': 56411}",,0,0,0
239,Poshmark.com,"{'e': 27279874, 'l': 9762309}",2018-05,0,0,0
240,CraftApple.com,"{'l': 0, 'e': 2877}",2016-06,0,0,0
241,HackGive.me,"{'l': 0, 'e': 36342}",2017-07,0,0,0
242,Aptoide.com,"{'e': 6141458, 'l': 0}",2020-04,0,0,0
243,Cryptostar.asia,"{'e': 19384, 'l': 0}",2019-11,0,0,0
244,Exerion.pl,"{'e': 85100, 'l': 0}",2020-03,0,0,0
245,FlashGames.it,"{'l': 878471, 'e': 1051185}",2020-03,0,0,0
246,LiveJournal,"{'l': 32445875, 'e': 27271568}",2017-01,0,0,0
247,Mobifriends,"{'e': 3108048, 'l': 2974184}",2019-11,0,0,0
248,Ogusers,"{'e': 177812, 'l': 134465}",2020-04,0,0,0
249,Oneservers.su,"{'e': 36362, 'l': 36058}",2019-07,0,0,0
251,rbx.rocks,"{'e': 23513, 'l': 21511}",2018-08,0,0,0
252,Silkroad,"{'l': 4546006, 'e': 0}",2011-11,0,0,0
253,Sminecraft,"{'l': 105986, 'e': 104162}",2019-11,0,0,0
254,Storenvy,"{'l': 1183109, 'e': 1651151}",2019-03,0,0,0
255,Tailieu.vn,"{'e': 8122632, 'l': 6667000}",2019-11,0,0,0
256,Webkinz,"{'e': 806177, 'l': 12491437}",2020-03,0,0,0
257,Zorotex,"{'e': 16334, 'l': 0}",2019-07,0,0,0
258,Zynga.com,"{'e': 181150552, 'l': 30890171}",2019-09,0,0,0
259,Romwe.com,"{'e': 16412123, 'l': 0}",2017-11,0,0,0
260,Stalker.so,"{'e': 654065, 'l': 0}",2020-04,0,0,0
261,Omgpop,"{'l': 0, 'e': 6938477}",2019-07,0,0,0
262,Villavu.com,"{'l': 0, 'e': 121097}",2013-11,0,0,0
264,Animalfuckwoman.org,"{'e': 110391, 'l': 0}",2018-11,0,0,0
265,Edmodo,"{'e': 6787786, 'l': 7217675}",2017-05,0,0,0
267,AnimeGame.me,"{'e': 1853270, 'l': 0}",2020-02,0,0,0
268,Characters.net,"{'l': 0, 'e': 133268}",,0,0,0
269,Ticketclub.it,"{'l': 0, 'e': 85114}",2018-11,0,0,0
270,Vasthushop.com,"{'l': 0, 'e': 2264}",2018-11,0,0,0
271,GameSprite.me,"{'l': 0, 'e': 984328}",2019-11,0,0,0
272,Sylhetaid.co.uk,"{'l': 0, 'e': 60909}",,0,0,0
273,AndroidForums.com,"{'l': 0, 'e': 454148}",2011-10,0,0,0
274,PESGaming.com,"{'l': 0, 'e': 144686}",,0,0,0
275,Trackmill.com,"{'l': 0, 'e': 339038}",,0,0,0
276,Heatgames.me,"{'e': 547495, 'l': 0}",,0,0,0
277,Potico.es,"{'l': 0, 'e': 109457}",,0,0,0
278,Wiccanos.es,"{'l': 0, 'e': 12400}",,0,0,0
279,iBreatheMusic.com,"{'l': 0, 'e': 17632}",,0,0,0
281,forums.idcgames.com,"{'l': 0, 'e': 199251}",2019-11,0,0,0
282,Instantfuns,"{'l': 59270, 'e': 24840}",,0,0,0
283,SiliconIndia.com,"{'l': 0, 'e': 797747}",,0,0,0
284,GladiatorHits.com,"{'l': 0, 'e': 8903}",2017-10,0,0,0
285,BarefootConfidential.com,"{'l': 0, 'e': 48693}",,0,0,0
286,BuyMixtapes.com,"{'l': 0, 'e': 32221}",2017-10,0,0,0
287,EliteMeeting.com,"{'l': 0, 'e': 551386}",2014-12,0,0,0
288,VK.com,"{'l': 0, 'e': 83786852}",2012-01,0,0,0
289,forums.freegame2017.com,"{'e': 852018, 'l': 803418}",2019-11,0,0,0
290,Smavideo.com,"{'l': 6965, 'e': 0}",,0,0,0
291,Dalaran-WoW.com,"{'l': 49985, 'e': 0}",2018-04,0,0,0
292,ggcorp.me,"{'l': 234100, 'e': 0}",2019-11,0,0,0
293,Joyfun.com,"{'l': 365349, 'e': 0}",2018-11,0,0,0
294,WoWSolvus.es,"{'l': 274598, 'e': 0}",2017-02,0,0,0
295,VDragonball,"{'l': 91008, 'e': 0}",,0,0,0
296,mail.ru,"{'e': 41887366, 'l': 0}",2014-09,1,0,0
297,Vivagames.com,"{'l': 0, 'e': 233960}",,0,0,0
298,OVH,"{'e': 617618, 'l': 616917}",2015-05,0,0,0
299,Last.fm,"{'e': 38879018, 'l': 41413923}",2012-07,0,0,0
300,Quidd.co (2019),"{'e': 533162, 'l': 125597}",2019-07,0,0,0
301,8fit.com,"{'l': 0, 'e': 1120891}",2018-07,0,0,0
302,ShareThis.com,"{'e': 1856092, 'l': 0}",2018-07,0,0,0
303,Ozon.ru,"{'l': 0, 'e': 456158}",2013-11,1,0,0
305,3DSISO.com,"{'l': 0, 'e': 50479}",2015-08,0,0,0
306,AarinFantasy.com,"{'l': 0, 'e': 222420}",2016-09,0,0,0
307,4m.net,"{'l': 0, 'e': 42777}",2015-11,0,0,0
308,4Metin.org,"{'l': 0, 'e': 35218}",,0,0,0
309,Amplitude-Studios.com,"{'l': 0, 'e': 31903}",2016-04,0,0,0
310,BCWars.com,"{'l': 0, 'e': 98410}",2011-02,0,0,0
311,Bistudio.com,"{'l': 0, 'e': 170436}",2016-03,0,0,0
312,ArmyForceOnline.com,"{'l': 0, 'e': 924562}",2016-05,0,0,0
313,BeatingBonuses.com,"{'l': 0, 'e': 25436}",2016-12,0,0,0
314,Bot of Legends,"{'l': 0, 'e': 145547}",2014-11,0,0,0
315,CDProjektRed.com,"{'l': 0, 'e': 623161}",2016-02,0,0,0
316,Cod247.com,"{'l': 0, 'e': 19254}",2016-01,0,0,0
317,Aipai.com,"{'l': 0, 'e': 5122669}",2016-09,0,0,0
318,CheapAssGamer.com,"{'l': 0, 'e': 337126}",2014-11,0,0,0
319,ChessHere.com,"{'l': 520108, 'e': 0}",2016-07,0,0,0
320,CorruptionX.com,"{'l': 0, 'e': 101103}",2014-09,0,0,0
321,CounterStrike.cn,"{'l': 0, 'e': 332896}",,0,0,0
322,DayZ.com,"{'l': 155383, 'e': 167956}",2016-03,0,0,0
323,CreativeScape.net,"{'l': 0, 'e': 143728}",2015-05,0,0,0
324,DCEmu.co.uk,"{'l': 0, 'e': 416176}",2015-09,0,0,0
325,DDO.com,"{'l': 1455263, 'e': 1480764}",2013-04,0,0,0
326,Diddl.pl,"{'l': 0, 'e': 96908}",,0,0,0
327,DoylesRoomPoker.com,"{'l': 0, 'e': 47878}",,0,0,0
328,EloBuddy.com,"{'l': 0, 'e': 72330}",2016-04,0,0,0
330,ExplosiveGaming.com,"{'l': 0, 'e': 57402}",2015-08,0,0,0
332,FlashFlashRevolution.com,"{'l': 1610581, 'e': 1745683}",2019-07,0,0,0
333,EuroMilhoes.com,"{'l': 0, 'e': 17165}",2015-04,0,0,0
334,FashionFantasyGame.com,"{'l': 0, 'e': 2360256}",2016-12,0,0,0
335,GamesBites.com,"{'l': 0, 'e': 52841}",2012-08,0,0,0
336,GamesForum.com,"{'l': 0, 'e': 73552}",2016-12,0,0,0
337,GameTurk.com,"{'l': 0, 'e': 387680}",2015-10,0,0,0
338,GamerzPlanet.net,"{'l': 0, 'e': 882507}",2015-09,0,0,0
339,Gamigo.com,"{'l': 0, 'e': 8218576}",2012-06,0,0,0
340,HLTV.org,"{'l': 274458, 'e': 0}",2016-05,0,0,0
341,I-Dressup.com,"{'l': 0, 'e': 2197080}",2016-07,0,0,0
342,ILikeCheats.com,"{'l': 0, 'e': 133214}",2015-04,0,0,0
343,Evony.com,"{'l': 2848821, 'e': 28229208}",2016-06,0,0,0
344,gPotato.com,"{'l': 0, 'e': 1958448}",2006-11,0,0,0
345,Gamevn.com,"{'l': 0, 'e': 1003351}",,0,0,0
346,HiveWorkShop.com,"{'l': 0, 'e': 62582}",2016-03,0,0,0
349,LucasForums.com,"{'l': 0, 'e': 137346}",2016-04,0,0,0
350,m2bob.net,"{'l': 165389, 'e': 0}",,0,0,0
351,MMOGames.com,"{'l': 0, 'e': 86045}",,0,0,0
352,MMOKings.com,"{'l': 0, 'e': 82353}",2014-11,0,0,0
353,Mumayi.com,"{'l': 0, 'e': 14670}",2011-04,0,0,0
354,MSPAforums.com,"{'e': 221074, 'l': 127140}",2016-02,0,0,0
355,NordicGames.at,"{'l': 0, 'e': 594124}",2016-02,0,0,0
356,OnVerse.com,"{'l': 600572, 'e': 663468}",2015-12,0,0,0
357,Pokebip.com,"{'e': 504264, 'l': 235534}",2015-07,0,0,0
358,OverPro.ru,"{'l': 0, 'e': 79711}",,0,0,0
359,OwnedCore.com,"{'l': 749181, 'e': 788973}",2013-07,0,0,0
360,PlayInter.com,"{'l': 0, 'e': 142797}",2016-07,0,0,0
361,PSPISO.com,"{'l': 0, 'e': 885671}",2015-09,0,0,0
362,PSX-Scene.com,"{'l': 0, 'e': 264854}",2016-04,0,0,0
363,RSBoards.com,"{'l': 0, 'e': 127544}",2013-07,0,0,0
364,RuneCrypt.com,"{'l': 0, 'e': 23376}",,0,0,0
365,Solomid.net,"{'l': 0, 'e': 271266}",2014-10,0,0,0
366,PS3Hax.net,"{'l': 0, 'e': 314007}",2015-07,0,0,0
367,Rewardit.com,"{'l': 0, 'e': 95755}",,0,0,0
368,TFPortal.de,"{'e': 6310, 'l': 0}",,0,0,0
369,Sythe.org,"{'l': 0, 'e': 200542}",2014-10,0,0,0
370,Tip.it,"{'e': 149591, 'l': 0}",2006-11,0,0,0
371,VIPenguin.com,"{'l': 0, 'e': 38314}",2016-06,0,0,0
372,WarcraftMovies.com,"{'l': 0, 'e': 335388}",2015-11,0,0,0
373,WarSeer.com,"{'l': 0, 'e': 69524}",2016-06,0,0,0
374,WiiUISO.com,"{'l': 0, 'e': 273896}",2015-08,0,0,0
375,Xbox-Scene.com,"{'l': 0, 'e': 327517}",2015-02,0,0,0
376,Xbox360ISO.com,"{'l': 0, 'e': 1019700}",2015-09,0,0,0
377,Xsyon.com,"{'l': 0, 'e': 58785}",2016-11,0,0,0
378,Zybez.net,"{'l': 0, 'e': 106085}",2016-01,0,0,0
379,17.media,"{'l': 0, 'e': 1594775}",2016-02,0,0,0
380,ABC.net.au,"{'l': 0, 'e': 46984}",2013-01,0,0,0
381,Anime-Planet.net,"{'l': 0, 'e': 146570}",2016-01,0,0,0
382,AnimuTank.com,"{'l': 0, 'e': 71281}",2015-12,0,0,0
383,AutoCentrum.pl,"{'l': 0, 'e': 143482}",2018-02,0,0,0
384,AutoHotKey.com,"{'l': 0, 'e': 10915}",2015-01,0,0,0
385,Avast.com,"{'l': 23711, 'e': 246961}",2014-05,0,0,0
386,Badoo.com,"{'e': 121810090, 'l': 0}",2013-07,0,0,0
387,BitTorrent.com,"{'l': 0, 'e': 16360}",2015-12,0,0,0
388,BloggToppen.se,"{'l': 0, 'e': 89436}",,0,0,0
389,Bolt.cd,"{'l': 0, 'e': 618524}",2017-03,0,0,0
390,BTCF.fi,"{'l': 0, 'e': 3220}",2016-03,0,0,0
391,BTUN.net,"{'l': 0, 'e': 111239}",2012-11,0,0,0
392,CardingMafia.ws,"{'l': 0, 'e': 28853}",2016-01,0,0,0
393,ClickPay24.ru,"{'l': 0, 'e': 2436}",,0,0,0
394,CrackingForum.com,"{'l': 0, 'e': 467399}",2014-11,0,0,0
395,Daemon-Tools.сс,"{'l': 0, 'e': 169884}",,0,0,0
396,DaFont.com,"{'l': 0, 'e': 661115}",2017-05,0,0,0
397,DFB.de,"{'l': 0, 'e': 2657556}",,0,0,0
398,DrinkSite.com,"{'l': 0, 'e': 179737}",2015-11,0,0,0
399,Dropbox.com,"{'e': 26420500, 'l': 0}",2012-07,0,0,0
400,DTBooterCompilation,"{'l': 0, 'e': 91856}",,0,0,0
401,EAPMovies.com,"{'l': 0, 'e': 73397}",,0,0,0
402,EazySubs.com,"{'l': 0, 'e': 24265}",2011-09,0,0,0
403,Education.Zyxel.com,"{'l': 0, 'e': 29068}",,0,0,0
404,EliteFitness.com,"{'l': 0, 'e': 334740}",2015-11,0,0,0
405,Collection 1,"{'l': 21880472, 'e': 231052257}",2019-01,0,0,1
406,Eroticy.com,"{'l': 0, 'e': 1534375}",2015-05,0,0,0
407,EsandarecRuitment.com,"{'l': 0, 'e': 9277}",,0,0,0
408,FL.ru,"{'l': 0, 'e': 113870}",2015-01,0,0,0
409,FoN,"{'l': 0, 'e': 26266}",,0,0,0
410,ForumFree.it,"{'l': 0, 'e': 892832}",2016-05,0,0,0
411,FrumTeens.com,"{'l': 0, 'e': 10932}",,0,0,0
412,GiorGiotave.it,"{'l': 0, 'e': 60083}",,0,0,0
413,GratisGodis.se,"{'l': 0, 'e': 254109}",,0,0,0
414,HostSearch.com,"{'l': 0, 'e': 55890}",2015-09,0,0,0
415,Im286.net,"{'l': 0, 'e': 334281}",2016-10,0,0,0
416,InBoot.me,"{'l': 0, 'e': 75813}",2016-06,0,0,0
417,InterPals.net,"{'l': 0, 'e': 2059053}",2015-11,0,0,0
418,Izzit.org,"{'l': 0, 'e': 224079}",2016-01,0,0,0
419,Libero.it,"{'l': 0, 'e': 417805}",2016-06,0,0,0
420,LifeTip.iCross.co.kr,"{'l': 0, 'e': 1045373}",2017-03,0,0,0
421,LovingFerrets.com,"{'l': 0, 'e': 134978}",2016-01,0,0,0
422,MajorGeeks.com,"{'l': 0, 'e': 173207}",2015-11,0,0,0
423,MalwareBytes.org,"{'l': 48618, 'e': 81304}",2014-11,0,0,0
424,MangaFox.me,"{'l': 0, 'e': 368497}",2016-07,0,0,0
425,MechoDownload.com,"{'l': 0, 'e': 297300}",2013-09,0,0,0
426,MilitarySingles.com,"{'l': 0, 'e': 142551}",,0,0,0
427,MoDaCo.com,"{'l': 0, 'e': 446982}",2015-12,0,0,0
428,MuslimMatch.com,"{'l': 0, 'e': 50571}",2016-05,0,0,0
429,MyRepoSpace.com,"{'l': 0, 'e': 211524}",2015-03,0,0,0
430,NodusGriefing.com,"{'l': 0, 'e': 42094}",2012-11,0,0,0
431,Nulled.io,"{'e': 513287, 'l': 485320}",2016-05,0,0,0
432,OshoWorld.com,"{'l': 0, 'e': 57190}",,0,0,0
433,Oulfa.fr,"{'l': 0, 'e': 264811}",2014-11,0,0,0
434,OwnagePranks.com,"{'l': 0, 'e': 75274}",2016-07,0,0,0
435,PCMasters.de,"{'l': 0, 'e': 37983}",2016-06,0,0,0
436,Planet3dnow.de,"{'l': 0, 'e': 46891}",2016-08,0,0,0
437,Plex.tv,"{'l': 0, 'e': 122585}",2014-11,0,0,0
438,PPCGeeks.com,"{'l': 0, 'e': 297479}",2016-07,0,0,0
439,ProgrammingForums.org,"{'l': 445034, 'e': 155}",2014-11,0,0,0
440,RemoteStaff.com.au,"{'l': 0, 'e': 72932}",2016-02,0,0,0
441,RN.org,"{'l': 0, 'e': 259220}",2016-01,0,0,0
442,Scam.com,"{'l': 0, 'e': 293043}",2015-11,0,0,0
443,Sciax2.it,"{'l': 0, 'e': 221116}",,0,0,0
444,Sensimillalebest,"{'l': 0, 'e': 15942}",2016-03,0,0,0
445,Short-Fiction.co.uk,"{'l': 0, 'e': 11064}",2016-04,0,0,0
446,ShowMe.com,"{'l': 0, 'e': 452692}",2016-11,0,0,0
447,Sirumem.com,"{'l': 0, 'e': 70468}",2015-08,0,0,0
448,Superbetter.com,"{'l': 0, 'e': 34015}",2016-12,0,0,0
449,TheBot.net,"{'l': 0, 'e': 72218}",2012-07,0,0,0
450,TienGanh.com.vn,"{'l': 0, 'e': 384212}",,0,0,0
451,TodoTorrents.com,"{'l': 0, 'e': 521173}",,0,0,0
452,Torrent-Invites.com,"{'l': 223999, 'e': 228332}",2016-07,0,0,0
453,Type-Together.com,"{'l': 0, 'e': 58026}",,0,0,0
454,VBForums.com,"{'l': 0, 'e': 129758}",2016-06,0,0,0
455,vBulletin.org,"{'l': 0, 'e': 413396}",2016-02,0,0,0
456,VHB.com,"{'l': 0, 'e': 14258}",2015-03,0,0,0
457,ViralNugget.com,"{'l': 0, 'e': 27756}",,0,0,0
458,Youku.com,"{'e': 60422911, 'l': 0}",2016-12,0,0,0
459,ZeroToHundred.com,"{'l': 0, 'e': 104213}",2016-06,0,0,0
460,Zoosk.com,"{'l': 0, 'e': 51593101}",2011-01,0,0,0
461,Socialkit.ru,"{'l': 0, 'e': 36505}",,0,0,0
462,Ulmon.com,"{'e': 122502, 'l': 0}",2020-01,0,0,0
463,LinkedIn.com,"{'l': 0, 'e': 54476656}",2012-05,0,0,0
464,D3scene.com,"{'e': 409637, 'l': 0}",2019-06,0,0,0
465,FirstVDS,"{'e': 27207, 'l': 0}",2012-08,0,0,0
466,vkmix.com,"{'e': 1816864, 'l': 1565567}",2020-02,0,0,0
467,xSplit,"{'e': 4375764, 'l': 2765669}",2013-11,0,0,0
468,Dailymotion/Dropbox/Canva/8fit Compilation,"{'l': 0, 'e': 396562}",,0,0,1
469,PinPics.com,"{'l': 0, 'e': 35647}",,0,0,0
470,Akiba-Heroine.com,"{'e': 160463, 'l': 0}",,0,0,0
471,BollywoodHunts.com,"{'l': 0, 'e': 87133}",,0,0,0
472,Anidub,"{'l': 0, 'e': 20419}",2018-07,0,0,0
473,Warmane.com,"{'l': 0, 'e': 834919}",2016-12,0,0,0
474,Shein.com,"{'l': 0, 'e': 21115951}",2018-06,0,0,0
475,Wishbone.io,"{'e': 8748563, 'l': 8026831}",2020-01,0,0,0
476,Screenblaze.com,"{'e': 260274, 'l': 0}",2016-11,0,0,0
477,MySpace.com,"{'l': 94546438, 'e': 336547108}",2008-07,0,0,0
478,DailyBooth.com,"{'l': 0, 'e': 1029945}",2020-04,0,0,0
479,CafeMom.com,"{'l': 0, 'e': 2628025}",2014-04,0,0,0
480,Sprashivai.ru,"{'l': 11590995, 'e': 12816712}",2015-05,0,0,0
481,LastCraft,"{'l': 0, 'e': 31904}",2018-11,0,0,0
482,TimeCraft,"{'l': 0, 'e': 2348}",2017-11,0,0,0
483,Evite.com,"{'l': 0, 'e': 10971532}",2013-08,0,0,0
484,Neopets.com,"{'l': 61768568, 'e': 32474454}",2013-05,0,0,0
485,Disqus.com,"{'e': 15342592, 'l': 0}",2012-07,0,0,0
486,Konduit,"{'l': 152669, 'e': 161849}",2020-04,0,0,0
487,Cristalix,"{'l': 49174, 'e': 49883}",2017-11,0,0,0
488,Ultraflix.com,"{'e': 603841, 'l': 0}",2020-05,0,0,0
489,ShortTask.com,"{'l': 0, 'e': 199595}",2020-05,0,0,0
490,Sonicbids.com,"{'e': 259573, 'l': 0}",2019-12,0,0,0
491,Nulled.ch,"{'e': 20867, 'l': 20778}",2020-05,0,0,0
492,Waydate.com,"{'l': 99627, 'e': 100336}",2017-11,0,0,0
493,Primegaming,"{'l': 0, 'e': 9427}",2016-04,0,0,0
494,Lifebear.com,"{'e': 2126093, 'l': 1889672}",2019-02,0,0,0
495,Mashacker.com,"{'l': 218891, 'e': 228019}",2020-02,0,0,0
496,Celebriti.com,"{'l': 0, 'e': 97354}",2020-04,0,0,0
497,AdultFriendFinder,"{'e': 108470726, 'l': 110299763}",2016-10,0,0,0
498,Taringa.net,"{'e': 27033279, 'l': 26836476}",2017-08,0,0,0
499,Twitter.com,"{'l': 1576451, 'e': 23703260}",2015-11,1,0,0
500,Chronicle.com,"{'e': 1335903, 'l': 1356629}",2020-05,0,0,0
501,Comcast,"{'l': 0, 'e': 590123}",2015-11,0,0,0
502,F.elex.com,"{'l': 0, 'e': 16744}",2016-06,0,0,0
503,HiAPK.com,"{'e': 7158173, 'l': 1785576}",2014-01,0,0,0
504,Crautos.com,"{'l': 0, 'e': 206571}",,0,0,0
505,AshleyMadison.com,"{'l': 15728896, 'e': 4260}",2015-07,0,0,0
506,TechnicPack.net,"{'e': 37432, 'l': 36154}",2018-10,0,0,0
507,Sreda.photo,"{'e': 24017, 'l': 0}",2020-04,0,0,0
508,SoulSplit,"{'l': 0, 'e': 1517}",,0,0,0
509,Weddbook.com,"{'e': 41369, 'l': 0}",2020-03,0,0,0
510,BlackSpigot.com,"{'e': 21439, 'l': 233211}",2019-07,0,0,0
511,Minube.com,"{'l': 815918, 'e': 1034494}",,0,0,0
512,Zomato.com,"{'e': 5747472, 'l': 0}",2017-05,0,0,0
513,Epicbot.com,"{'l': 632978, 'e': 643019}",2019-09,0,0,0
514,GoGames.me,"{'e': 2304470, 'l': 2163999}",2015-09,0,0,0
515,Kotofoto.ru,"{'l': 0, 'e': 15655}",2019-11,0,0,0
516,Nexva.com,"{'e': 94686, 'l': 0}",2020-01,0,0,0
517,Socialengineered.net,"{'e': 32331, 'l': 31439}",2019-05,0,0,0
518,360icons.com,"{'e': 30714, 'l': 30396}",2013-10,0,0,0
519,ikov.io,"{'e': 0, 'l': 253463}",2014-12,0,0,0
520,PocketGamer.co.uk,"{'l': 27372, 'e': 31395}",2017-11,0,0,0
521,PokeCommunity.com,"{'e': 265106, 'l': 250696}",2012-12,0,0,0
522,LyricsMania.com,"{'l': 102239, 'e': 107436}",2017-11,0,0,0
523,LeoTVHD.com,"{'l': 0, 'e': 24128}",2016-11,0,0,0
524,Mathway.com,"{'e': 15972297, 'l': 0}",2020-01,0,0,0
525,PoliceOne.com,"{'e': 467779, 'l': 432980}",2014-07,0,0,0
526,SaintsCraft,"{'l': 0, 'e': 2987}",2020-05,0,0,0
527,mariage.fr,"{'l': 0, 'e': 25266}",2017-11,0,0,0
528,newseasims.com,"{'e': 48841, 'l': 203751}",2016-07,0,0,0
529,Pasteware.team,"{'e': 696, 'l': 0}",2020-03,0,0,0
530,Fling.com,"{'l': 36024062, 'e': 40678431}",2011-03,0,0,0
531,JobTH.com,"{'l': 0, 'e': 2378161}",2018-11,0,0,0
532,Raetsel.de,"{'l': 0, 'e': 28474}",2016-07,0,0,0
533,CouponMom / ArmorGames,"{'l': 0, 'e': 11023029}",2014-02,0,0,0
534,FunFaceCam.com,"{'e': 17127, 'l': 16042}",2019-09,0,0,0
535,Foodora.com,"{'l': 0, 'e': 271384}",2016-04,0,0,0
536,Avito.ru,"{'l': 0, 'e': 28113803}",2016-11,1,0,0
537,TheFaveApp.com,"{'e': 381047, 'l': 0}",2015-11,0,0,0
538,VipHackForums.net,"{'e': 24470, 'l': 23119}",2013-11,0,0,0
539,Forum.CallOfGods.com,"{'l': 111424, 'e': 114678}",2017-01,0,0,0
540,LeKoolGames.com,"{'e': 2475344, 'l': 2005509}",2019-12,0,0,0
541,BellTreeForums.com,"{'e': 51753, 'l': 49275}",2015-11,0,0,0
542,IllegalPlanet.com,"{'l': 440, 'e': 449}",2020-05,0,0,0
543,Dirtycode.io,"{'l': 16910, 'e': 21794}",2020-05,0,0,0
544,PlanetCalypso.com,"{'e': 43907, 'l': 43092}",2019-07,0,0,0
545,MeFeedia.com,"{'e': 1950853, 'l': 0}",2020-04,0,0,0
546,SwordFantasy,"{'e': 1738488, 'l': 1694993}",2016-11,0,0,0
547,HackForums.net,"{'e': 156040, 'l': 147752}",2011-06,0,0,0
548,Gigasize.com,"{'l': 0, 'e': 1886070}",,0,0,0
549,DayCrafts.ru,"{'l': 39374, 'e': 40797}",2016-10,0,0,0
550,Tamodo.com,"{'e': 4140, 'l': 0}",2020-01,0,0,0
551,TGBUS.com,"{'e': 6834067, 'l': 7188090}",2016-11,0,0,0
552,Mac-forums.com,"{'e': 106379, 'l': 104357}",2016-06,0,0,0
553,Forum.Warmane.com,"{'l': 870150, 'e': 879506}",2016-11,0,0,0
554,Alora.io,"{'e': 96392, 'l': 0}",2017-11,0,0,0
555,Forum.excalibur-craft.ru,"{'e': 0, 'l': 238525}",2015-11,0,0,0
556,Kvadroom.ru,"{'e': 17580, 'l': 0}",2019-11,0,0,0
557,Gaadi.com,"{'e': 158593, 'l': 143944}",2015-04,0,0,0
558,Pokémon Negro,"{'l': 0, 'e': 784484}",2016-09,0,0,0
559,xHamster.com,"{'e': 356113, 'l': 0}",2013-06,0,0,0
560,XRP.io,"{'e': 673, 'l': 0}",2020-07,0,0,0
561,1xbet.com,"{'l': 0, 'e': 74770}",,1,0,0
562,ElementalGame.com,"{'l': 2076170, 'e': 2107036}",2012-11,0,0,0
563,OnthiOnline.net,"{'l': 0, 'e': 176527}",2016-11,0,0,0
564,Sinlyxe.cc,"{'l': 523, 'e': 306}",2020-06,0,0,0
565,WiiHacks.com,"{'e': 911367, 'l': 495070}",2013-08,0,0,0
566,Taobao.com,"{'l': 0, 'e': 14744657}",2012-01,0,0,0
567,7k7k.com,"{'e': 7369465, 'l': 0}",2011-01,0,0,0
568,Wattpad.com,"{'e': 272476329, 'l': 26676767}",2020-05,0,0,0
569,Stressing.ninja,"{'l': 2316, 'e': 2492}",2020-03,0,0,0
570,Catho.com,"{'e': 1194381, 'l': 705506}",2020-02,0,0,0
571,Diet.com,"{'e': 26981, 'l': 0}",2014-07,0,0,0
572,AlpineReplay.com,"{'e': 266937, 'l': 206746}",2020-06,0,0,0
573,RewardStyle.com,"{'l': 0, 'e': 55393}",2020-06,0,0,0
574,LiveAuctioneers.com,"{'e': 3175329, 'l': 0}",2020-06,0,0,0
575,Jardcs.org,"{'e': 4723, 'l': 0}",2020-06,0,0,0
576,Omaze.com,"{'e': 31955, 'l': 0}",2020-06,0,0,0
577,VampireFreaks.com,"{'l': 898060, 'e': 999966}",2018-11,0,0,0
578,Hurb.com,"{'e': 4530230, 'l': 0}",2020-06,0,0,0
579,Dave.com,"{'e': 211147, 'l': 0}",2020-06,0,0,0
580,Scentbird.com,"{'l': 0, 'e': 744758}",2020-06,0,0,0
581,Promo.com,"{'e': 1369361, 'l': 0}",2020-06,0,0,0
582,Havenly.com,"{'e': 445122, 'l': 0}",2020-05,0,0,0
583,TrueFire.com,"{'e': 571012, 'l': 544498}",2020-05,0,0,0
584,Chatbooks.com,"{'l': 0, 'e': 1191682}",2020-05,0,0,0
585,Indabamusic.com,"{'l': 0, 'e': 475174}",2020-06,0,0,0
586,Ivoy.mx,"{'e': 109729, 'l': 0}",2020-06,0,0,0
587,Gamers.nu,"{'l': 73855, 'e': 86053}",2011-11,0,0,0
588,Appen.com,"{'e': 1491, 'l': 0}",2020-06,0,0,0
589,Proctoru.com,"{'e': 96323, 'l': 0}",2020-06,0,0,0
590,Vakinha.com.br,"{'l': 0, 'e': 82106}",2020-06,0,0,0
591,Swvl.com,"{'e': 284215, 'l': 0}",2020-06,0,0,0
592,Drizly.com,"{'l': 0, 'e': 363487}",2020-06,0,0,0
593,BeyondUnreal,"{'e': 14600, 'l': 0}",2017-11,0,0,0
594,Ggunim.co.kr,"{'l': 0, 'e': 147256}",2020-06,0,0,0
595,WifeLovers.com,"{'e': 1005884, 'l': 0}",2017-11,0,0,0
596,IngjieSheng.com,"{'l': 0, 'e': 725747}",,0,0,0
597,Weibo.com,"{'l': 0, 'e': 3025855}",2010-11,0,0,0
598,AtzenShop.de,"{'l': 0, 'e': 26751}",2020-07,0,0,0
599,GamerSoul.com,"{'l': 0, 'e': 62498}",2020-04,0,0,0
600,Forums.SoarGames.com,"{'e': 602881, 'l': 557769}",2019-11,0,0,0
601,Telefon-Treff.de,"{'e': 165153, 'l': 0}",2020-06,0,0,0
602,Forum.Nicemc.ru,"{'l': 0, 'e': 40725}",2017-01,0,0,0
603,iCracked.com,"{'e': 9168, 'l': 0}",,0,0,0
604,Patreon.com,"{'e': 192257, 'l': 0}",2015-10,0,0,0
605,Scriptnull.com,"{'l': 0, 'e': 32315}",,0,0,0
606,LeakPeek.com,"{'e': 658, 'l': 0}",2020-07,1,0,0
607,ShockGore.com,"{'e': 67882, 'l': 64740}",,0,0,0
608,DataCamp.com,"{'e': 59649, 'l': 0}",2017-01,0,0,0
609,Plibber.ru,"{'e': 320057, 'l': 0}",,0,0,0
610,UnicoCampania.it,"{'e': 163919, 'l': 0}",2019-12,0,0,0
611,UtahGunExchange.com,"{'e': 11870, 'l': 0}",2020-07,0,0,0
612,Pampling.com,"{'e': 342143, 'l': 0}",2019-12,0,0,0
613,Joygame.com,"{'l': 0, 'e': 624880}",2019-12,0,0,0
614,Heavy-R.com,"{'e': 121030, 'l': 0}",2019-11,0,0,0
615,StreamCraft.net,"{'e': 494334, 'l': 424550}",2020-06,0,0,0
616,m4maths.com,"{'l': 0, 'e': 1074189}",2020-07,0,0,0
617,Xado.us,"{'e': 11928, 'l': 0}",2020-09,0,0,0
618,ZooVille.org,"{'e': 8300, 'l': 0}",2019-08,0,0,0
619,Quidd.co (2020),"{'e': 237321, 'l': 0}",2019-11,0,0,0
620,Homechef.com,"{'l': 0, 'e': 535531}",2018-11,0,0,0
621,Braingenie.ck12.org,"{'e': 115207, 'l': 0}",2018-11,0,0,0
622,HelloTravel.com,"{'e': 6359, 'l': 0}",2019-11,0,0,0
623,bbicecream.com,"{'e': 63777, 'l': 0}",2015-09,0,0,0
624,ActionNetwork.com,"{'e': 101003, 'l': 0}",2019-11,0,0,0
625,AntiAgent.ru,"{'e': 52575, 'l': 0}",2020-08,0,0,0
626,LongFiles.com,"{'e': 41739, 'l': 0}",2019-12,0,0,0
627,Photohost.ru,"{'l': 0, 'e': 19236}",,0,0,0
628,vstomp.hotoneaudio.com,"{'e': 18047, 'l': 0}",,0,0,0
630,BrandNewTube.com,"{'e': 94450, 'l': 91193}",2020-10,0,0,0
631,Sweclockers.nu,"{'l': 119960, 'e': 125419}",2015-05,0,0,0
632,Piggyback.com,"{'e': 408385, 'l': 0}",,0,0,0
633,VimeWorld.ru,"{'l': 4346599, 'e': 4467553}",2017-11,0,0,0
634,Prospero.ru,"{'l': 17896, 'e': 21026}",2020-09,1,0,0
635,Rematazo.com,"{'e': 431375, 'l': 0}",2019-11,0,0,0
636,Esports.pl,"{'e': 45542, 'l': 39672}",,0,0,0
637,PromoFarma.com,"{'e': 541943, 'l': 0}",2019-07,0,0,0
638,StarTribune.com,"{'e': 559096, 'l': 520922}",2020-09,0,0,0
639,Minted.com,"{'e': 3819841, 'l': 0}",2020-01,0,0,0
640,TheWinkStore.com,"{'e': 227472, 'l': 0}",2020-10,0,0,0
641,Rzd-bonus.ru,"{'e': 536347, 'l': 0}",2020-10,0,0,0
642,HTCMania.com,"{'e': 1077261, 'l': 0}",2019-12,0,0,0
643,BattleRoyaleForums.com,"{'e': 30042, 'l': 28997}",,0,0,0
644,Glofox.com,"{'e': 1447068, 'l': 0}",2020-10,0,0,0
645,Konkurent.ru,"{'e': 1451, 'l': 0}",2020-10,0,0,0
646,Redmart.lazada.sg,"{'e': 901783, 'l': 0}",2020-10,0,0,0
647,Eatigo.com,"{'e': 1096330, 'l': 0}",2020-10,0,0,0
648,AnimalJam.com,"{'e': 1702738, 'l': 16637410}",2020-09,0,0,0
649,123RF.com,"{'e': 7793093, 'l': 7640665}",2020-02,0,0,0
650,Newmeet.com,"{'l': 0, 'e': 1078441}",2016-11,0,0,0
651,Shopback.com,"{'e': 5340758, 'l': 0}",2020-04,0,0,0
652,Eskimi.com,"{'e': 1089878, 'l': 21656870}",2020-09,0,0,0
653,Famm.us,"{'l': 0, 'e': 946850}",2020-09,0,0,0
654,Geniusu.com,"{'e': 23989, 'l': 0}",2020-02,0,0,0
655,Peatix.com,"{'e': 939258, 'l': 0}",2018-12,0,0,0
656,IIMjobs.com,"{'l': 0, 'e': 1300214}",2020-10,0,0,0
657,Cit0day,"{'e': 81239855, 'l': 0}",,0,0,1
9273,MemoryBreak.com,"{'e': 39059, 'l': 34068}",2020-11,0,0,0
9274,Pluto.tv,"{'e': 2137495, 'l': 0}",2018-09,0,0,0
9275,TheMafiaBoss.com,"{'l': 14546, 'e': 16410}",2019-09,0,0,0
9276,Anijan.com,"{'e': 1445138, 'l': 1356051}",,0,0,0
9277,Forums.vkmonline.com,"{'e': 558923, 'l': 344321}",2020-11,0,0,0
9278,JoyGames.me,"{'e': 2833119, 'l': 2684772}",2020-12,0,0,0
9279,Gsmhosting.com,"{'e': 1936921, 'l': 1739699}",2015-11,0,0,0
9280,Ledger.com,"{'e': 1074419, 'l': 0}",2020-05,0,1,0
9281,Universarium.ru,"{'l': 0, 'e': 564957}",2019-10,0,1,0
9282,Bbgpoint.com,"{'e': 33356, 'l': 0}",2020-11,0,0,0
9283,Bankir.ru,"{'e': 26557, 'l': 21447}",,0,0,0
9284,Havenly.com (2021),"{'e': 494045, 'l': 0}",2020-11,0,1,0
9285,Searchengines.ru,"{'e': 73291, 'l': 67278}",2015-11,0,0,0
9286,Photolamus.com,"{'e': 11413, 'l': 0}",2020-12,0,0,0
9287,lolzteam.net,"{'l': 0, 'e': 398047}",2019-02,0,1,0
9288,Rubukkit.org,"{'e': 98342, 'l': 0}",2016-11,0,1,0
9289,Bookmate.com,"{'l': 0, 'e': 3825743}",2018-07,0,1,0
9290,Pixlr.com,"{'e': 1905998, 'l': 0}",2020-02,0,1,0
9291,Bonobos.com,"{'e': 158965, 'l': 0}",2019-11,0,0,0
9292,Wongnai.com,"{'e': 799782, 'l': 0}",2019-11,0,0,0
9293,Nmmoney.xyz,"{'e': 128951, 'l': 0}",,0,0,0
9294,Buyucoin.com,"{'l': 0, 'e': 27027}",2019-11,0,0,0
9295,Jefit.com,"{'e': 2861398, 'l': 0}",2020-05,0,0,0
9296,GoNitro.com,"{'e': 450042, 'l': 0}",2020-08,0,0,0
9297,MeetMindful.com,"{'l': 0, 'e': 497554}",,0,0,0
9298,Learnable.com,"{'l': 0, 'e': 85072}",,0,0,0
9299,Reddoorz.com,"{'l': 0, 'e': 42203}",2020-09,0,0,0
9300,Joyheat.com,"{'e': 96937, 'l': 0}",2020-11,0,0,0
9301,Onlinepianist.com,"{'l': 0, 'e': 162410}",2020-10,0,0,0
9302,WeLeakData.com,"{'e': 0, 'l': 77997}",2019-11,1,0,0
9303,CityBee.lt,"{'l': 0, 'e': 66469}",2018-02,0,0,0
9304,Filmai.in,"{'l': 573025, 'e': 644138}",2018-11,0,0,0
9305,Jivo.ru,"{'l': 0, 'e': 150235}",2019-11,0,0,0
9306,Antichat.ru,"{'l': 24432, 'e': 27599}",2009-11,0,0,0
9307,Remote-control-world.eu,"{'e': 65213, 'l': 0}",,0,0,0
9308,RuneHQ.com,"{'e': 9956, 'l': 9207}",2015-11,0,0,0
9309,WeLeakInfo.com (Stripe orders),"{'l': 0, 'e': 11121}",2020-01,0,1,0
9310,Albumwash.com,"{'l': 322355, 'e': 378696}",2021-01,0,0,0
9311,Liker.com,"{'l': 0, 'e': 21120}",2021-02,0,0,0
9313,Xat.com,"{'e': 5193089, 'l': 5041698}",2014-11,0,0,0
9314,Bookchor.com,"{'l': 0, 'e': 143347}",2021-02,0,0,0
9315,Dark-Wind.com,"{'l': 89121, 'e': 93845}",,0,0,0
9316,Armynavydeals.com,"{'l': 0, 'e': 165602}",2017-11,1,0,0
9317,Facebook.com,"{'l': 0, 'e': 2863953}",2018-11,0,1,0
9318,Rds.it,"{'e': 36697, 'l': 0}",2020-12,0,0,0
9319,Free.navalny.com,"{'e': 529486, 'l': 0}",2021-02,0,1,0
9320,Loveplanet.ru,"{'l': 6092998, 'e': 6034396}",2014-11,0,0,0
9321,Bigbasket.com,"{'e': 19445676, 'l': 0}",2021-03,0,0,0
9322,Parkmobile.io,"{'e': 5988871, 'l': 0}",2021-02,0,0,0
9323,Vipoferta.bg,"{'e': 278575, 'l': 0}",2020-11,0,0,0
9324,DailyQuiz.me,"{'e': 9670052, 'l': 11168157}",,0,0,0
9325,Wowhead.com,"{'e': 199412, 'l': 198372}",2019-10,0,0,0
9326,Clashofclansbuilder.com,"{'e': 713364, 'l': 708727}",,0,0,0
9328,Kroobannok.com,"{'l': 69565, 'e': 38808}",2020-11,0,0,0
9329,Mineserv.eu,"{'e': 52584, 'l': 0}",,1,0,0
9330,Bigbarn.co.uk,"{'l': 0, 'e': 16516}",2018-11,1,0,0
9331,TigTag.com,"{'e': 453540, 'l': 429861}",2021-05,0,0,0
9332,Essays-experts.com,"{'l': 0, 'e': 1501}",2021-05,0,0,0
9333,D4tabase.com,"{'e': 20672, 'l': 0}",,1,0,0
9334,DashHacks.com,"{'e': 145443, 'l': 0}",2015-11,0,0,0
9335,Wii-Records.com,"{'l': 12121, 'e': 0}",,1,0,0
9336,Paddyfield.com.hk,"{'l': 0, 'e': 17632}",,1,0,0
9337,Rootkit.com,"{'e': 59661, 'l': 0}",2010-11,0,0,0
9338,Agents.ncl.eu,"{'e': 27062, 'l': 0}",2020-02,0,0,0
9339,Readnovel.com,"{'l': 13138976, 'e': 18370746}",2019-04,0,0,0
9340,Coinsbit.io,"{'e': 10924, 'l': 0}",2020-05,1,0,0
9341,DateHotBrunettes.com,"{'l': 1407572, 'e': 1377011}",2021-04,0,0,0
9342,FBK/SmartVote/Free.navalny.com,"{'e': 2273558, 'l': 0}",2020-11,1,1,1
9343,Nomer.io,"{'l': 0, 'e': 195421}",2021-07,0,0,0
9345,Doxbase.cc,"{'l': 744, 'e': 746}",2021-03,0,0,0
9346,ZeusGame.me,"{'e': 283276, 'l': 0}",2019-11,0,0,0
9347,Lalacat.net,"{'e': 4584, 'l': 0}",,1,0,0
9348,Jassume.com,"{'l': 0, 'e': 717326}",2020-11,0,0,0
9349,OnlineTours.ru,"{'e': 22172, 'l': 0}",2021-05,0,1,0
9350,Mayngames.com,"{'e': 231666, 'l': 0}",2020-11,0,0,0
9351,Niir.org,"{'l': 0, 'e': 154835}",2021-07,0,0,0
9352,Unmined.io,"{'l': 0, 'e': 114194}",2020-10,0,0,0
9353,Aimware.net,"{'l': 51683, 'e': 95379}",2019-03,0,0,0
9354,Forums.MyPirata.me,"{'e': 312079, 'l': 242904}",2019-12,0,0,0
9355,Glory4Gamers.com / Nicecactus.gg,"{'l': 77399, 'e': 78852}",2015-11,0,0,0
9356,Eccie.net,"{'l': 0, 'e': 282957}",2021-02,0,0,0
9357,JamTangan.com,"{'e': 207731, 'l': 0}",2021-06,0,0,0
9358,Guarented.com,"{'e': 15824, 'l': 0}",2021-08,0,0,0
9359,Hopponworks.com,"{'e': 7282, 'l': 0}",2021-04,0,0,0
9360,Brisbanebbs.com,"{'e': 145088, 'l': 0}",2021-03,0,0,0
9362,USA.life,"{'e': 34585, 'l': 21992}",2019-11,0,0,0
9363,Codeleakers.com,"{'e': 14872, 'l': 14227}",2021-07,0,0,0
9364,500px.com,"{'e': 191209, 'l': 0}",2017-11,0,0,0
9365,Guntrader.co.uk,"{'e': 16291, 'l': 0}",2021-06,0,0,0
9366,Yoreparo.com,"{'e': 860561, 'l': 0}",,0,0,0
9367,GlobalCrypto.exchange,"{'e': 1067838, 'l': 0}",2021-05,1,0,0
12320,Lada-Granta.net,"{'e': 3177, 'l': 0}",2021-04,0,0,0
12321,Basetools.ws,"{'e': 0, 'l': 7697}",2017-09,0,0,0
12322,Forosdelweb.com,"{'e': 34527, 'l': 33441}",2008-11,0,0,0
12323,Epik.com,"{'e': 31415, 'l': 0}",2021-01,0,0,0
12324,Tunedglobal.com,"{'e': 962116, 'l': 0}",,0,0,0
12325,Careers.slb.com,"{'e': 447364, 'l': 0}",2021-04,0,0,0
12326,ClearVoiceSurveys.com,"{'e': 11337463, 'l': 0}",2015-07,0,0,0
12327,CoinPayex.ltd,"{'e': 389750, 'l': 0}",2021-06,0,0,0
12328,Ajarn.com,"{'e': 247371, 'l': 0}",2021-08,0,0,0
12329,CoinMarketCap.com,"{'e': 3120406, 'l': 0}",,1,1,0
12330,txtmate.com,"{'e': 257075, 'l': 0}",,0,0,0
12331,Animeify.net,"{'e': 224474, 'l': 193782}",2021-10,0,0,0
12332,Betfame.com,"{'e': 13621, 'l': 0}",2019-10,0,0,0
12333,BlackHatWorld.com,"{'e': 122740, 'l': 120780}",2014-07,0,0,0
12334,FreeHack.com,"{'e': 25458, 'l': 0}",2016-01,0,0,0
12335,Thisiskaraoke.com,"{'e': 10452, 'l': 0}",,0,0,0
12336,Murraybridgespeedway.com,"{'e': 192, 'l': 0}",2018-01,0,0,0
12337,Guncelgazete.com,"{'e': 924, 'l': 687}",,0,0,0
12338,Fetishnetwork.com,"{'e': 9049, 'l': 9458}",,0,0,0
12339,OpenGap.net,"{'e': 20638, 'l': 0}",2021-10,0,0,0
12340,forums.realgm.com,"{'e': 33163, 'l': 32869}",2015-09,0,0,0
12341,Indiamart.com,"{'e': 20159534, 'l': 0}",2021-05,0,1,0
12342,Sendpulse.com,"{'e': 431679, 'l': 0}",2016-01,0,0,0
12343,Actmobile.com (FreeVPN/DashVPN),"{'e': 1583168, 'l': 0}",2021-10,0,1,0
12344,RuneVillage.com,"{'e': 20550, 'l': 0}",,0,0,0
12345,Jobthaiweb.com,"{'e': 416537, 'l': 0}",,0,0,0
12346,Atraf.co.il,"{'e': 621888, 'l': 811849}",2021-10,0,0,0
12348,Crimecraft.mayngames.com,"{'e': 1056581, 'l': 1038092}",2021-01,0,0,0
12351,Travelio.com,"{'e': 159991, 'l': 0}",2021-01,0,0,0
12352,AlphaEx.net,"{'e': 12760, 'l': 0}",2019-01,0,0,0
12353,Datpiff.com,"{'e': 7360657, 'l': 7260496}",,0,0,0
12354,Bear.tax,"{'e': 106236, 'l': 0}",2021-03,0,0,0
12355,Rbx.exchange,"{'e': 21852, 'l': 0}",2016-01,0,0,0
12356,Sexclub.ru,"{'e': 169516, 'l': 161338}",2021-07,0,0,0
12357,WHMCS.com,"{'e': 67771, 'l': 0}",2012-05,0,0,0
12358,IPMart-Forum.com,"{'e': 1435515, 'l': 1414957}",2015-12,0,0,0
12359,Devil-torrents.pl,"{'e': 63406, 'l': 0}",,1,0,0
12360,Proptiger.com,"{'e': 122768, 'l': 102775}",,1,0,0
12361,Games.Snail.com,"{'e': 0, 'l': 1280767}",2012-12,0,0,0
12362,Doxbin.com,"{'e': 1, 'l': 3411}",,0,0,0
12363,Farmadelivery.com.br,"{'e': 153889, 'l': 0}",2021-12,0,0,0
12364,ABFRL.com,"{'e': 2070083, 'l': 0}",2022-01,0,0,0
12365,Cebuanas.com,"{'e': 0, 'l': 972769}",2022-01,0,0,0
12366,BTC-Alpha.com,"{'e': 36577, 'l': 0}",2021-11,0,0,0
12367,Upstox,"{'e': 3514, 'l': 0}",2021-04,0,0,0
12368,Pikabu.ru,"{'e': 575480, 'l': 0}",2022-01,0,1,0
12369,CDEK,"{'e': 19218670, 'l': 0}",,0,1,0
12370,Forexdengi.com,"{'e': 34573, 'l': 29942}",2022-01,0,0,0
12371,NVIDIA NTDS,"{'e': 0, 'l': 3536}",2022-03,0,0,0
12372,text.ru,"{'e': 696406, 'l': 0}",2021-03,0,0,0
12373,Telderi.ru,"{'e': 108041, 'l': 105154}",2021-03,0,0,0
12374,Robinhood.com,"{'e': 5003924, 'l': 0}",2021-11,0,1,0
12375,Delivery Club,"{'e': 314809, 'l': 0}",2021-07,0,1,0
