dump_name,breach_date,record_count,source
MyHeritage.com,2017-10,89769623,LeakCheck.io
BlackHatDevil.com,,804927,LeakCheck.io
Brazzers.com,2013-04,795121,LeakCheck.io
Paxful.com,,283048,LeakCheck.io
Wanadoo,,137555,LeakCheck.io
Aternos.org,2015-12,1233904,LeakCheck.io
ButterFlyLabs.com,2014-11,18451,LeakCheck.io
Cfire.mail.ru,2016-08,13405866,LeakCheck.io
MMORG.net,,2342657,LeakCheck.io
MineSerwer.pl,,11323,LeakCheck.io
FFShrine.org,2015-09,593278,LeakCheck.io
Wallet.btc.com,,12488,LeakCheck.io
MerlinsMagicBitcoins.com,,1531,LeakCheck.io
AnyWhere.xxx,,512610,LeakCheck.io
MythicalWorld.net,2015-09,73697,LeakCheck.io
Poloniex.com,,949135,LeakCheck.io
Hitfinex,,441869,LeakCheck.io
Coins.numizmat.net,,2911,LeakCheck.io
Parapa.mail.ru,2016-08,4763914,LeakCheck.io
CapitalGames.com,2015-10,639573,LeakCheck.io
Cafepress.com,2019-02,10069686,LeakCheck.io
Cannabiscardpay.com,2017-10,10828,LeakCheck.io
Dailymotion.com,2016-10,84877188,LeakCheck.io
Clubfactory.com,,10842,LeakCheck.io
FrostLand,,343199,LeakCheck.io
Nextgenupdate.com,2013-12,1197429,LeakCheck.io
Hmps.in,2019-09,123578,LeakCheck.io
Xoffer.hk,,37261,LeakCheck.io
Evgexacraft.ru,,295606,LeakCheck.io
Xpgamesaves.com,2015-12,957298,LeakCheck.io
Lacedrecords.co,,52146,LeakCheck.io
Bondagestory.biz,,37512,LeakCheck.io
MemberReportAccess.com,,888962,LeakCheck.io
Gfycat.com,,146084,LeakCheck.io
FoxyBingo.com,2007-03,258097,LeakCheck.io
Hongfire.com,2015-03,1470534,LeakCheck.io
iMesh.com,2013-09,50183631,LeakCheck.io
Iqrashop.com,,130210,LeakCheck.io
Powerbot.org,2014-09,512740,LeakCheck.io
CheatGamer.com,,337118,LeakCheck.io
Avvo.com,,2234283,LeakCheck.io
CashCrate.com,2016-11,6847583,LeakCheck.io
Creocommunity.com,2017-11,188683,LeakCheck.io
Forums.Cdprojektred.com,,1871337,LeakCheck.io
Dogewallet.com,2013-12,22305,LeakCheck.io
StockX.com,2019-07,13430414,LeakCheck.io
Gameshot.net,2017-10,300062,LeakCheck.io
Duelingnetwork.com,2017-03,6504438,LeakCheck.io
BlankMediaGames.com,2018-12,7603974,LeakCheck.io
WorldPokerTour.com,,89361,LeakCheck.io
Lotro.com,2013-07,960867,LeakCheck.io
Fotoboom.com,,88497,LeakCheck.io
PvPWars.net,,11825,LeakCheck.io
OmegaCraft.cl,,1277,LeakCheck.io
EpicGames.com,2016-07,251698,LeakCheck.io
ShoppingBitcoins.com,,2974,LeakCheck.io
Forums.xkcd.com,2019-07,562081,LeakCheck.io
Renren.com,2011-11,3028494,LeakCheck.io
Bendercraft.ru,,157373,LeakCheck.io
Elance.com,2009-01,1253008,LeakCheck.io
Liancaijing.com,,122871,LeakCheck.io
Hostinger,,311564,LeakCheck.io
Mediafire.com,,138529,LeakCheck.io
Frozencraft.ru,2015-01,27606,LeakCheck.io
Forbes.com,2014-02,1040158,LeakCheck.io
Whitepages.com,2016-06,11705538,LeakCheck.io
Stickam.com,2017-11,534598,LeakCheck.io
Playforceone.com,,213115,LeakCheck.io
Coinmama.com,2017-08,557108,LeakCheck.io
Xclan.org,,11586,LeakCheck.io
GFAN.com,2016-10,19024234,LeakCheck.io
Hautelook.com,2018-08,29171806,LeakCheck.io
Mpgh.net,2015-10,3270839,LeakCheck.io
PubPit.com,,51178,LeakCheck.io
Kraken.com,,14362,LeakCheck.io
Animoto.com,2018-07,22703483,LeakCheck.io
R2Games.com,2015-11,22765266,LeakCheck.io
Bleachanime.org,2014-11,109611,LeakCheck.io
Corevin.com,,730928,LeakCheck.io
Ueber18.de,2016-12,496715,LeakCheck.io
EyeEm.com,2018-02,18328299,LeakCheck.io
Roll20.net,2018-12,1847361,LeakCheck.io
Canva.com,2019-05,145508873,LeakCheck.io
Developers-Heaven.net,2019-08,4169,LeakCheck.io
Hacker.co.kr,2009-11,1352850,LeakCheck.io
Cannabis.com,2014-01,204354,LeakCheck.io
Gamesnord.com,,592549,LeakCheck.io
Moneyman.org,,529711,LeakCheck.io
TintenProfi.ch,,90075,LeakCheck.io
TheWarinc.com,2012-06,869343,LeakCheck.io
Petflow.com,2017-12,959493,LeakCheck.io
Shotbow.net,2016-04,1052540,LeakCheck.io
Hostmonster.com,,36036,LeakCheck.io
Strongholdkingdoms.com,2018-07,5538895,LeakCheck.io
Yahoo.com,2012-07,74382719,LeakCheck.io
Justskins.com,,2391,LeakCheck.io
ixigo.com,2019-01,4274028,LeakCheck.io
Wealth-Start-Business.com,,205334,LeakCheck.io
Toondoo.com,2018-11,5246209,LeakCheck.io
Leet.cc,2016-01,5069637,LeakCheck.io
Wonderpolls.com,,120034,LeakCheck.io
Funny-Games.biz,,858623,LeakCheck.io
Bit2Visitor.com,,22853,LeakCheck.io
Klerk.ru,2014-02,151044,LeakCheck.io
EpicNPC.com,2016-01,408662,LeakCheck.io
Tunngle.net,2015-11,16237353,LeakCheck.io
000webhost.com,2015-03,14857519,LeakCheck.io
Forums.gre.net,,46004,LeakCheck.io
Bitcoin.Lixter.com,2014-08,2971,LeakCheck.io
Rekrute.com,,579088,LeakCheck.io
Bitly.com,2014-04,9310562,LeakCheck.io
Buxp.org,2016-03,458966,LeakCheck.io
WeHeartIt.com,2013-10,8609376,LeakCheck.io
Gamesforum.de,,61050,LeakCheck.io
Qiannao.com,2010-11,572725,LeakCheck.io
BlackHatProTools.net,2018-06,71899,LeakCheck.io
Runelite.net,,77854,LeakCheck.io
ConnectPress.com,2012-11,335064,LeakCheck.io
Vps.it,2017-11,46372,LeakCheck.io
Houzz.com,2018-05,12760845,LeakCheck.io
Forums.Seochat.com,,232834,LeakCheck.io
MyMiniGames.com,,150455,LeakCheck.io
Ias100.in,2016-11,152460,LeakCheck.io
Demonforums.net,2019-02,52868,LeakCheck.io
Estantevirtual.com.br,,5411152,LeakCheck.io
Profitech.hu,,90507,LeakCheck.io
Forums.LinuxMint.com,,144676,LeakCheck.io
Oneland.ru,2016-11,96990,LeakCheck.io
Storybird.com,,1352842,LeakCheck.io
MagazineDee.com,2016-11,107346,LeakCheck.io
CraftBoard.pl,2016-06,17969,LeakCheck.io
MangaTraders.com,2014-06,843547,LeakCheck.io
Learnfrenchbypodcast.com,,120492,LeakCheck.io
Kickstarter.com,2014-01,2408506,LeakCheck.io
Dubsmash.com,2018-12,60552055,LeakCheck.io
Cex.io,,95929,LeakCheck.io
GameSalad.com,2019-02,1187127,LeakCheck.io
Forex-Investor.net,,42680,LeakCheck.io
Over-blog.com,,2894251,LeakCheck.io
Gameogre.com,,193294,LeakCheck.io
Abandonia.com,2015-10,774055,LeakCheck.io
Runescape.Backstreetmerch.com,,167910,LeakCheck.io
Subagames.com,2016-08,3423366,LeakCheck.io
Pokemoncreed.net,2014-07,123523,LeakCheck.io
WarcraftRealms.com,2018-11,129161,LeakCheck.io
Babynames.net,2008-10,583023,LeakCheck.io
Coinbulb.com,2017-11,569467,LeakCheck.io
Jobandtalent.com,2018-01,10881867,LeakCheck.io
Cre8ASiteForums.com,,22147,LeakCheck.io
ID.Zing.vn,,22735435,LeakCheck.io
Forum.DvdRBase.info,,40066,LeakCheck.io
BitcoinSecurity,2014-01,9393644,LeakCheck.io
FuckJagex.com,2014-08,1556210,LeakCheck.io
ClixSense.com,2016-07,2220970,LeakCheck.io
Game.Kaidown.com,,847467,LeakCheck.io
LBSG.net,2016-01,9820909,LeakCheck.io
ForumCommunity.net,2016-06,769875,LeakCheck.io
Void.to,2019-06,86309,LeakCheck.io
NaughtyAmerica.com,2016-02,398388,LeakCheck.io
GameTuts.com,2015-03,1121822,LeakCheck.io
SumoTorrent.sx,2016-03,254547,LeakCheck.io
Edaboard.com,2014-11,459462,LeakCheck.io
Gamecom.com,,1003347,LeakCheck.io
Rewasd.com,2019-08,381747,LeakCheck.io
Moneycontrol.com,,782883,LeakCheck.io
SafeSkyHacks.com,2016-10,3648,LeakCheck.io
Coinpot.co,,130868,LeakCheck.io
MyFitnessPal.com,2018-02,138836622,LeakCheck.io
Rgbdirect.co.uk,,146042,LeakCheck.io
Jobmada.com,,19982,LeakCheck.io
WorldCraftEros.net,,2270,LeakCheck.io
Funimation.com,2016-07,2510568,LeakCheck.io
Acne.org,2014-11,233194,LeakCheck.io
Wanelo.com,2018-12,3067158,LeakCheck.io
Euronote.hu,,361152,LeakCheck.io
Gatehub.net,2019-06,18354498,LeakCheck.io
8Tracks.com,2017-06,20618235,LeakCheck.io
Hitlerattacks.com,,944,LeakCheck.io
Openraid.org,,399084,LeakCheck.io
Imgur.com,2013-09,1746639,LeakCheck.io
ArmorGames.com,2019-01,10700188,LeakCheck.io
Morele.net,2018-10,1596476,LeakCheck.io
Viperc.net,,2442,LeakCheck.io
Payasugym.com,2016-11,284643,LeakCheck.io
Bizbilla.com,,168848,LeakCheck.io
Facepunch.com,2016-06,339786,LeakCheck.io
SpellForce.com,,109975,LeakCheck.io
Coachella.com,2017-01,595263,LeakCheck.io
Mycube.ru,2016-11,206182,LeakCheck.io
Dating.de,2016-05,511343,LeakCheck.io
Hydrogenplatform.com,,29471,LeakCheck.io
Eletroplus.blogspot.com,,74152,LeakCheck.io
Fitbit.com,,1997408,LeakCheck.io
Tibia.net.pl,2015-11,341353,LeakCheck.io
Nihonomaru.net,2015-03,1555802,LeakCheck.io
Techimo.com,2016-12,304373,LeakCheck.io
Lookbook.nu,2016-04,1071274,LeakCheck.io
VaroxCraft.de,,1425,LeakCheck.io
Shadi.com,2016-06,2016542,LeakCheck.io
Chegg.com,2018-03,39727615,LeakCheck.io
MortalOnline.com,2018-06,625113,LeakCheck.io
Mate1.com,2015-10,27220938,LeakCheck.io
Go4EngineeringJobs.com,,171622,LeakCheck.io
Bitshacking.com,2014-02,41860,LeakCheck.io
HazeCash.com,2016-12,800257,LeakCheck.io
Spohesap.com,,6187,LeakCheck.io
TeamExtremeMc.com,2015-03,70391,LeakCheck.io
BitsCircle.com,,18955,LeakCheck.io
Marketdownload.com,2016-11,104315,LeakCheck.io
Zloadr.com,,8712,LeakCheck.io
Onebip.com,2017-09,1890209,LeakCheck.io
EmuParadise.me,2018-04,1129069,LeakCheck.io
VanityMC.co,,9550,LeakCheck.io
Forums.Manacube.com,,52531,LeakCheck.io
NexusMods.com,2013-07,6226014,LeakCheck.io
Instaforex.com,,263346,LeakCheck.io
Kaboom.su,2015-09,77005,LeakCheck.io
Redbox.com,,246912,LeakCheck.io
Faucethub.io,,547974,LeakCheck.io
Btc60.net,,52146,LeakCheck.io
Gametag.com,2017-10,208061,LeakCheck.io
Psyonix.com,,979497,LeakCheck.io
Intellego.com,,478111,LeakCheck.io
YingjieSheng.com,,728391,LeakCheck.io
Cracked.to,2019-07,23582,LeakCheck.io
DLH.net,2016-07,3221685,LeakCheck.io
Windhanenergy.io,,56411,LeakCheck.io
Poshmark.com,2018-05,41630261,LeakCheck.io
CraftApple.com,2016-06,2877,LeakCheck.io
HackGive.me,2017-07,36342,LeakCheck.io
Aptoide.com,2020-04,20038008,LeakCheck.io
Cryptostar.asia,2019-11,22301,LeakCheck.io
Exerion.pl,2020-03,222624,LeakCheck.io
FlashGames.it,2020-03,1051155,LeakCheck.io
LiveJournal,2017-01,29848974,LeakCheck.io
Mobifriends,2019-11,3149795,LeakCheck.io
Ogusers,2020-04,225353,LeakCheck.io
Oneservers.su,2019-07,38994,LeakCheck.io
rbx.rocks,2018-08,113522,LeakCheck.io
Silkroad,2011-11,3948505,LeakCheck.io
Sminecraft,2019-11,118199,LeakCheck.io
Storenvy,2019-03,1733902,LeakCheck.io
Tailieu.vn,2019-11,8192923,LeakCheck.io
Webkinz,2020-03,806177,LeakCheck.io
Zorotex,2019-07,18108,LeakCheck.io
Zynga.com,2019-09,185103780,LeakCheck.io
Romwe.com,2017-11,20193286,LeakCheck.io
Stalker.so,2020-04,755264,LeakCheck.io
Omgpop,2019-07,6938420,LeakCheck.io
Villavu.com,2013-11,137303,LeakCheck.io
Animalfuckwoman.org,2018-11,110390,LeakCheck.io
Edmodo,2017-05,43401266,LeakCheck.io
AnimeGame.me,2020-02,1919038,LeakCheck.io
Characters.net,,133264,LeakCheck.io
Ticketclub.it,2018-11,85113,LeakCheck.io
Vasthushop.com,2018-11,2264,LeakCheck.io
GameSprite.me,2019-11,6174529,LeakCheck.io
Sylhetaid.co.uk,,60908,LeakCheck.io
AndroidForums.com,2011-10,625293,LeakCheck.io
PESGaming.com,,225823,LeakCheck.io
Trackmill.com,,339033,LeakCheck.io
Heatgames.me,,800959,LeakCheck.io
Potico.es,,109455,LeakCheck.io
Wiccanos.es,,12400,LeakCheck.io
iBreatheMusic.com,,17631,LeakCheck.io
forums.idcgames.com,2019-11,3954050,LeakCheck.io
Instantfuns,,24840,LeakCheck.io
SiliconIndia.com,,797744,LeakCheck.io
GladiatorHits.com,2017-10,8903,LeakCheck.io
BarefootConfidential.com,,48690,LeakCheck.io
BuyMixtapes.com,2017-10,32221,LeakCheck.io
EliteMeeting.com,2014-12,551381,LeakCheck.io
VK.com,2012-01,83777066,LeakCheck.io
forums.freegame2017.com,2019-11,1304784,LeakCheck.io
ggcorp.me,2022-08,2369090,LeakCheck.io
mail.ru,2014-09,41876310,LeakCheck.io
Vivagames.com,,233957,LeakCheck.io
OVH,2015-05,916620,LeakCheck.io
Last.fm,2012-07,39315209,LeakCheck.io
Quidd.co (2019),2019-07,3048461,LeakCheck.io
8fit.com,2018-07,7953628,LeakCheck.io
ShareThis.com,2018-07,40902178,LeakCheck.io
Ozon.ru,2013-11,455895,LeakCheck.io
3DSISO.com,2015-08,50479,LeakCheck.io
AarinFantasy.com,2016-09,222416,LeakCheck.io
4m.net,2015-11,42777,LeakCheck.io
4Metin.org,,35216,LeakCheck.io
Amplitude-Studios.com,2016-04,143792,LeakCheck.io
BCWars.com,2011-02,98396,LeakCheck.io
Bistudio.com,2016-03,170433,LeakCheck.io
ArmyForceOnline.com,2016-05,1123373,LeakCheck.io
BeatingBonuses.com,2016-12,25436,LeakCheck.io
Bot of Legends,2014-11,192402,LeakCheck.io
CDProjektRed.com,2016-02,1871337,LeakCheck.io
Cod247.com,2016-01,19253,LeakCheck.io
Aipai.com,2016-09,5122661,LeakCheck.io
CheapAssGamer.com,2014-11,385228,LeakCheck.io
CorruptionX.com,2014-09,101103,LeakCheck.io
CounterStrike.cn,,340655,LeakCheck.io
DayZ.com,2016-03,206537,LeakCheck.io
CreativeScape.net,2015-05,143728,LeakCheck.io
DCEmu.co.uk,2015-09,416166,LeakCheck.io
DDO.com,2013-04,1603575,LeakCheck.io
Diddl.pl,,96906,LeakCheck.io
DoylesRoomPoker.com,,47878,LeakCheck.io
EloBuddy.com,2016-04,72324,LeakCheck.io
ExplosiveGaming.com,2015-08,57401,LeakCheck.io
FlashFlashRevolution.com,2019-07,1908679,LeakCheck.io
EuroMilhoes.com,2015-04,17165,LeakCheck.io
FashionFantasyGame.com,2016-12,2360253,LeakCheck.io
GamesBites.com,2012-08,52841,LeakCheck.io
GamesForum.com,2016-12,73550,LeakCheck.io
GameTurk.com,2015-10,699253,LeakCheck.io
GamerzPlanet.net,2015-09,1215161,LeakCheck.io
Gamigo.com,2012-06,8217089,LeakCheck.io
I-Dressup.com,2016-07,2197078,LeakCheck.io
ILikeCheats.com,2015-04,197159,LeakCheck.io
Evony.com,2016-06,28920036,LeakCheck.io
gPotato.com,2006-11,2139094,LeakCheck.io
Gamevn.com,,1367414,LeakCheck.io
HiveWorkShop.com,2016-03,62581,LeakCheck.io
LucasForums.com,2016-04,154043,LeakCheck.io
MMOGames.com,,86042,LeakCheck.io
MMOKings.com,2014-11,82351,LeakCheck.io
Mumayi.com,2011-04,127630,LeakCheck.io
MSPAforums.com,2016-02,242520,LeakCheck.io
NordicGames.at,2016-02,644952,LeakCheck.io
OnVerse.com,2015-12,804258,LeakCheck.io
Pokebip.com,2015-07,555085,LeakCheck.io
OverPro.ru,,79707,LeakCheck.io
OwnedCore.com,2013-07,882078,LeakCheck.io
PlayInter.com,2016-07,142797,LeakCheck.io
PSPISO.com,2015-09,1175296,LeakCheck.io
PSX-Scene.com,2016-04,361712,LeakCheck.io
RSBoards.com,2013-07,211690,LeakCheck.io
RuneCrypt.com,,23375,LeakCheck.io
Solomid.net,2014-10,437072,LeakCheck.io
PS3Hax.net,2015-07,442216,LeakCheck.io
Rewardit.com,,95755,LeakCheck.io
TFPortal.de,,6310,LeakCheck.io
Sythe.org,2014-10,200540,LeakCheck.io
Tip.it,2006-11,149589,LeakCheck.io
VIPenguin.com,2016-06,38314,LeakCheck.io
WarcraftMovies.com,2015-11,335340,LeakCheck.io
WarSeer.com,2016-06,69521,LeakCheck.io
WiiUISO.com,2015-08,457251,LeakCheck.io
Xbox-Scene.com,2015-02,437460,LeakCheck.io
Xbox360ISO.com,2015-09,1399957,LeakCheck.io
Xsyon.com,2016-11,58896,LeakCheck.io
Zybez.net,2016-01,106083,LeakCheck.io
17.media,2016-02,3908470,LeakCheck.io
ABC.net.au,2013-01,46984,LeakCheck.io
Anime-Planet.net,2016-01,358481,LeakCheck.io
AnimuTank.com,2015-12,135973,LeakCheck.io
AutoCentrum.pl,2018-02,143479,LeakCheck.io
AutoHotKey.com,2015-01,34711,LeakCheck.io
Avast.com,2014-05,448870,LeakCheck.io
Badoo.com,2013-07,123627886,LeakCheck.io
BitTorrent.com,2015-12,33766,LeakCheck.io
BloggToppen.se,,89436,LeakCheck.io
Bolt.cd,2017-03,994134,LeakCheck.io
BTCF.fi,2016-03,3220,LeakCheck.io
BTUN.net,2012-11,111239,LeakCheck.io
CardingMafia.ws,2016-01,177448,LeakCheck.io
ClickPay24.ru,,2436,LeakCheck.io
CrackingForum.com,2014-11,562023,LeakCheck.io
Daemon-Tools.сс,,169875,LeakCheck.io
DaFont.com,2017-05,672274,LeakCheck.io
DFB.de,,2657504,LeakCheck.io
DrinkSite.com,2015-11,179737,LeakCheck.io
Dropbox.com,2012-07,28633388,LeakCheck.io
DTBooterCompilation,,91854,LeakCheck.io
EAPMovies.com,,73397,LeakCheck.io
EazySubs.com,2011-09,40081,LeakCheck.io
Education.Zyxel.com,,29068,LeakCheck.io
EliteFitness.com,2015-11,334735,LeakCheck.io
Collection 1,2019-01,231012239,LeakCheck.io
Eroticy.com,2015-05,1534366,LeakCheck.io
EsandarecRuitment.com,,9277,LeakCheck.io
FL.ru,2015-01,113866,LeakCheck.io
FoN,,26266,LeakCheck.io
ForumFree.it,2016-05,892832,LeakCheck.io
FrumTeens.com,,10932,LeakCheck.io
GiorGiotave.it,,60081,LeakCheck.io
GratisGodis.se,,254108,LeakCheck.io
HostSearch.com,2015-09,55889,LeakCheck.io
Im286.net,2016-10,334280,LeakCheck.io
InBoot.me,2016-06,75811,LeakCheck.io
InterPals.net,2015-11,3053999,LeakCheck.io
Izzit.org,2016-01,224079,LeakCheck.io
Libero.it,2016-06,417805,LeakCheck.io
LifeTip.iCross.co.kr,2017-03,1045373,LeakCheck.io
LovingFerrets.com,2016-01,134978,LeakCheck.io
MajorGeeks.com,2015-11,267620,LeakCheck.io
MalwareBytes.org,2014-11,111747,LeakCheck.io
MangaFox.me,2016-07,1310864,LeakCheck.io
MechoDownload.com,2013-09,430952,LeakCheck.io
MilitarySingles.com,,142551,LeakCheck.io
MoDaCo.com,2015-12,880166,LeakCheck.io
MuslimMatch.com,2016-05,50571,LeakCheck.io
MyRepoSpace.com,2015-03,252568,LeakCheck.io
NodusGriefing.com,2012-11,42090,LeakCheck.io
Nulled.io,2016-05,518072,LeakCheck.io
OshoWorld.com,,57190,LeakCheck.io
Oulfa.fr,2014-11,264804,LeakCheck.io
OwnagePranks.com,2016-07,114722,LeakCheck.io
PCMasters.de,2016-06,37975,LeakCheck.io
Planet3dnow.de,2016-08,46884,LeakCheck.io
Plex.tv,2014-11,313139,LeakCheck.io
PPCGeeks.com,2016-07,297475,LeakCheck.io
ProgrammingForums.org,2014-11,696232,LeakCheck.io
RemoteStaff.com.au,2016-02,72932,LeakCheck.io
RN.org,2016-01,259214,LeakCheck.io
Scam.com,2015-11,400231,LeakCheck.io
Sciax2.it,,221109,LeakCheck.io
Sensimillalebest,2016-03,15942,LeakCheck.io
Short-Fiction.co.uk,2016-04,11063,LeakCheck.io
ShowMe.com,2016-11,452692,LeakCheck.io
Sirumem.com,2015-08,70466,LeakCheck.io
Superbetter.com,2016-12,34850,LeakCheck.io
TheBot.net,2012-07,90496,LeakCheck.io
TienGanh.com.vn,,384212,LeakCheck.io
TodoTorrents.com,,521171,LeakCheck.io
Torrent-Invites.com,2016-07,318641,LeakCheck.io
Type-Together.com,,58026,LeakCheck.io
VBForums.com,2016-06,192054,LeakCheck.io
vBulletin.org,2016-02,508214,LeakCheck.io
VHB.com,2015-03,14258,LeakCheck.io
ViralNugget.com,,27756,LeakCheck.io
Youku.com,2016-12,103016149,LeakCheck.io
ZeroToHundred.com,2016-06,104213,LeakCheck.io
Zoosk.com,2011-01,51591892,LeakCheck.io
Socialkit.ru,,36501,LeakCheck.io
Ulmon.com,2020-01,142280,LeakCheck.io
LinkedIn.com,2012-05,54475707,LeakCheck.io
D3scene.com,2019-06,786047,LeakCheck.io
FirstVDS,2012-08,116494,LeakCheck.io
vkmix.com,2020-02,3396210,LeakCheck.io
xSplit,2013-11,4396014,LeakCheck.io
Dailymotion/Dropbox/Canva/8fit Compilation,,396551,LeakCheck.io
PinPics.com,,35647,LeakCheck.io
Akiba-Heroine.com,,160462,LeakCheck.io
BollywoodHunts.com,,87133,LeakCheck.io
Anidub,2018-07,43758,LeakCheck.io
Warmane.com,2016-12,947257,LeakCheck.io
Shein.com,2018-06,21115893,LeakCheck.io
Wishbone.io,2020-01,9973493,LeakCheck.io
Screenblaze.com,2016-11,260274,LeakCheck.io
MySpace.com,2008-07,336546293,LeakCheck.io
DailyBooth.com,2020-04,1029934,LeakCheck.io
CafeMom.com,2014-04,2628022,LeakCheck.io
Sprashivai.ru,2015-05,14215321,LeakCheck.io
LastCraft,2018-11,31904,LeakCheck.io
TimeCraft,2017-11,2348,LeakCheck.io
Evite.com,2013-08,11568898,LeakCheck.io
Neopets.com,2013-05,26878322,LeakCheck.io
Disqus.com,2012-07,15498708,LeakCheck.io
Konduit,2020-04,206001,LeakCheck.io
Cristalix,2017-11,72849,LeakCheck.io
Ultraflix.com,2020-05,608751,LeakCheck.io
ShortTask.com,2020-05,199593,LeakCheck.io
Sonicbids.com,2019-12,747631,LeakCheck.io
Nulled.ch,2020-05,43479,LeakCheck.io
Waydate.com,2017-11,103533,LeakCheck.io
Primegaming,2016-04,9427,LeakCheck.io
Lifebear.com,2019-02,3668912,LeakCheck.io
Mashacker.com,2020-02,426838,LeakCheck.io
Celebriti.com,2020-04,126483,LeakCheck.io
AdultFriendFinder,2016-10,173438676,LeakCheck.io
Taringa.net,2017-08,28283549,LeakCheck.io
Twitter.com,2015-11,23700089,LeakCheck.io
Chronicle.com,2020-05,1659957,LeakCheck.io
Comcast,2015-11,616706,LeakCheck.io
F.elex.com,2016-06,1016831,LeakCheck.io
HiAPK.com,2014-01,9067763,LeakCheck.io
Crautos.com,,206570,LeakCheck.io
AshleyMadison.com,2015-07,4260,LeakCheck.io
TechnicPack.net,2018-10,238510,LeakCheck.io
Sreda.photo,2020-04,36023,LeakCheck.io
SoulSplit,,1647,LeakCheck.io
Weddbook.com,2020-03,41369,LeakCheck.io
BlackSpigot.com,2019-07,135287,LeakCheck.io
Minube.com,,1034491,LeakCheck.io
Zomato.com,2017-05,16474235,LeakCheck.io
Epicbot.com,2019-09,813444,LeakCheck.io
GoGames.me,2015-09,3431115,LeakCheck.io
Kotofoto.ru,2019-11,15671,LeakCheck.io
Nexva.com,2020-01,95327,LeakCheck.io
Socialengineered.net,2019-05,35337,LeakCheck.io
360icons.com,2013-10,101772,LeakCheck.io
PocketGamer.co.uk,2017-11,62575,LeakCheck.io
PokeCommunity.com,2012-12,330079,LeakCheck.io
LyricsMania.com,2017-11,109205,LeakCheck.io
LeoTVHD.com,2016-11,24128,LeakCheck.io
Mathway.com,2020-01,15972265,LeakCheck.io
PoliceOne.com,2014-07,709116,LeakCheck.io
SaintsCraft,2020-05,2987,LeakCheck.io
mariage.fr,2017-11,27980,LeakCheck.io
newseasims.com,2016-07,55913,LeakCheck.io
Pasteware.team,2020-03,1632,LeakCheck.io
Fling.com,2011-03,40724493,LeakCheck.io
JobTH.com,2018-11,2378161,LeakCheck.io
Raetsel.de,2016-07,28474,LeakCheck.io
CouponMom / ArmorGames,2014-02,16470415,LeakCheck.io
FunFaceCam.com,2019-09,22946,LeakCheck.io
Foodora.com,2016-04,378158,LeakCheck.io
Avito.ru,2016-11,28110561,LeakCheck.io
TheFaveApp.com,2015-11,385143,LeakCheck.io
VipHackForums.net,2013-11,35055,LeakCheck.io
Forum.CallOfGods.com,2017-01,636296,LeakCheck.io
LeKoolGames.com,2019-12,4480836,LeakCheck.io
BellTreeForums.com,2015-11,53835,LeakCheck.io
IllegalPlanet.com,2020-05,43623,LeakCheck.io
Dirtycode.io,2020-05,22250,LeakCheck.io
PlanetCalypso.com,2019-07,62172,LeakCheck.io
MeFeedia.com,2020-04,2125051,LeakCheck.io
SwordFantasy,2016-11,2705674,LeakCheck.io
HackForums.net,2011-06,220593,LeakCheck.io
Gigasize.com,,1886054,LeakCheck.io
DayCrafts.ru,2016-10,51058,LeakCheck.io
Tamodo.com,2020-01,494409,LeakCheck.io
TGBUS.com,2016-11,10628044,LeakCheck.io
Mac-forums.com,2016-06,325324,LeakCheck.io
Forum.Warmane.com,2016-11,991215,LeakCheck.io
Alora.io,2017-11,112357,LeakCheck.io
Kvadroom.ru,2019-11,227515,LeakCheck.io
Gaadi.com,2015-04,4249708,LeakCheck.io
Pokémon Negro,2016-09,830824,LeakCheck.io
xHamster.com,2013-06,369682,LeakCheck.io
XRP.io,2020-07,673,LeakCheck.io
1xbet.com,,74762,LeakCheck.io
ElementalGame.com,2012-11,2106280,LeakCheck.io
OnthiOnline.net,2016-11,176527,LeakCheck.io
Sinlyxe.cc,2020-06,430,LeakCheck.io
WiiHacks.com,2013-08,978577,LeakCheck.io
Taobao.com,2012-01,14744650,LeakCheck.io
7k7k.com,2011-01,7369461,LeakCheck.io
Wattpad.com,2020-05,292711638,LeakCheck.io
Stressing.ninja,2020-03,2492,LeakCheck.io
Catho.com,2020-02,2005268,LeakCheck.io
Diet.com,2014-07,26981,LeakCheck.io
AlpineReplay.com,2020-06,987571,LeakCheck.io
RewardStyle.com,2020-06,128892,LeakCheck.io
LiveAuctioneers.com,2020-06,3386365,LeakCheck.io
Jardcs.org,2020-06,6793,LeakCheck.io
Omaze.com,2020-06,1761107,LeakCheck.io
VampireFreaks.com,2018-11,999948,LeakCheck.io
Hurb.com,2020-06,20728614,LeakCheck.io
Dave.com,2020-06,2125069,LeakCheck.io
Scentbird.com,2020-06,4868424,LeakCheck.io
Promo.com,2020-06,14076340,LeakCheck.io
Havenly.com,2020-05,1707149,LeakCheck.io
TrueFire.com,2020-05,595375,LeakCheck.io
Chatbooks.com,2020-05,2161712,LeakCheck.io
Indabamusic.com,2020-06,475172,LeakCheck.io
Ivoy.mx,2020-06,109728,LeakCheck.io
Gamers.nu,2011-11,93784,LeakCheck.io
Appen.com,2020-06,4841457,LeakCheck.io
Proctoru.com,2020-06,443738,LeakCheck.io
Vakinha.com.br,2020-06,4762519,LeakCheck.io
Swvl.com,2020-06,4193959,LeakCheck.io
Drizly.com,2020-06,2477225,LeakCheck.io
BeyondUnreal,2017-11,14600,LeakCheck.io
Ggunim.co.kr,2020-06,776521,LeakCheck.io
WifeLovers.com,2017-11,1291975,LeakCheck.io
IngjieSheng.com,,725747,LeakCheck.io
Weibo.com,2010-11,3051633,LeakCheck.io
AtzenShop.de,2020-07,26749,LeakCheck.io
GamerSoul.com,2020-04,62497,LeakCheck.io
Forums.SoarGames.com,2019-11,4780598,LeakCheck.io
Telefon-Treff.de,2020-06,223627,LeakCheck.io
Forum.Nicemc.ru,2017-01,47691,LeakCheck.io
iCracked.com,,9168,LeakCheck.io
Patreon.com,2015-10,956626,LeakCheck.io
Scriptnull.com,,32315,LeakCheck.io
LeakPeek.com,2020-07,1304,LeakCheck.io
ShockGore.com,,67881,LeakCheck.io
DataCamp.com,2017-01,759836,LeakCheck.io
Plibber.ru,,320038,LeakCheck.io
UnicoCampania.it,2019-12,163919,LeakCheck.io
UtahGunExchange.com,2020-07,104008,LeakCheck.io
Joygame.com,2019-12,5025654,LeakCheck.io
Heavy-R.com,2019-11,121029,LeakCheck.io
StreamCraft.net,2020-06,494331,LeakCheck.io
m4maths.com,2020-07,1074189,LeakCheck.io
Xado.us,2020-09,12513,LeakCheck.io
ZooVille.org,2019-08,47066,LeakCheck.io
Quidd.co (2020),2019-11,4032190,LeakCheck.io
Homechef.com,2018-11,8714459,LeakCheck.io
Braingenie.ck12.org,2018-11,115207,LeakCheck.io
HelloTravel.com,2019-11,6359,LeakCheck.io
bbicecream.com,2015-09,63775,LeakCheck.io
ActionNetwork.com,2019-11,691961,LeakCheck.io
AntiAgent.ru,2020-08,52570,LeakCheck.io
LongFiles.com,2019-12,41739,LeakCheck.io
Photohost.ru,,19234,LeakCheck.io
vstomp.hotoneaudio.com,,18047,LeakCheck.io
BrandNewTube.com,2020-10,114780,LeakCheck.io
Sweclockers.nu,2015-05,162881,LeakCheck.io
Piggyback.com,,408381,LeakCheck.io
VimeWorld.ru,2017-11,4462348,LeakCheck.io
Prospero.ru,2020-09,21025,LeakCheck.io
Rematazo.com,2019-11,449218,LeakCheck.io
Esports.pl,,105012,LeakCheck.io
PromoFarma.com,2019-07,2765508,LeakCheck.io
StarTribune.com,2020-09,1038662,LeakCheck.io
Minted.com,2020-01,4172783,LeakCheck.io
TheWinkStore.com,2020-10,239516,LeakCheck.io
Rzd-bonus.ru,2020-10,625982,LeakCheck.io
HTCMania.com,2019-12,1490801,LeakCheck.io
BattleRoyaleForums.com,,51754,LeakCheck.io
Glofox.com,2020-10,2063568,LeakCheck.io
Konkurent.ru,2020-10,1451,LeakCheck.io
Redmart.lazada.sg,2020-10,1116844,LeakCheck.io
Eatigo.com,2020-10,2775587,LeakCheck.io
AnimalJam.com,2020-09,38363020,LeakCheck.io
123RF.com,2020-02,7951016,LeakCheck.io
Newmeet.com,2016-11,1078440,LeakCheck.io
Shopback.com,2020-04,20626144,LeakCheck.io
Eskimi.com,2020-09,1197648,LeakCheck.io
Famm.us,2020-09,1189702,LeakCheck.io
Geniusu.com,2020-02,407111,LeakCheck.io
Peatix.com,2018-12,4114298,LeakCheck.io
IIMjobs.com,2020-10,1305989,LeakCheck.io
Click.org,2021-04,46836,LeakCheck.io
MemoryBreak.com,2020-11,39895,LeakCheck.io
Pluto.tv,2018-09,3568623,LeakCheck.io
TheMafiaBoss.com,2019-09,127376,LeakCheck.io
Anijan.com,,2052710,LeakCheck.io
Forums.vkmonline.com,2020-11,824508,LeakCheck.io
JoyGames.me,2020-12,4476099,LeakCheck.io
Gsmhosting.com,2015-11,2618354,LeakCheck.io
Ledger.com,2020-05,1074747,LeakCheck.io
Universarium.ru,2019-10,565468,LeakCheck.io
Bbgpoint.com,2020-11,1209235,LeakCheck.io
Bankir.ru,,39303,LeakCheck.io
Havenly.com (2021),2020-11,1706241,LeakCheck.io
Searchengines.ru,2015-11,198975,LeakCheck.io
Photolamus.com,2020-12,11413,LeakCheck.io
lolzteam.net,2019-02,426067,LeakCheck.io
Rubukkit.org,2016-11,98956,LeakCheck.io
Bookmate.com,2018-07,3842123,LeakCheck.io
Pixlr.com,2020-02,1993774,LeakCheck.io
Bonobos.com,2019-11,158965,LeakCheck.io
Wongnai.com,2019-11,1947361,LeakCheck.io
Nmmoney.xyz,,128951,LeakCheck.io
Buyucoin.com,2019-11,27027,LeakCheck.io
Jefit.com,2020-05,9611519,LeakCheck.io
GoNitro.com,2020-08,22918928,LeakCheck.io
MeetMindful.com,,1326794,LeakCheck.io
Learnable.com,,1018172,LeakCheck.io
Reddoorz.com,2020-09,5825380,LeakCheck.io
Joyheat.com,2020-11,99777,LeakCheck.io
Onlinepianist.com,2020-10,162409,LeakCheck.io
CityBee.lt,2018-02,110177,LeakCheck.io
Filmai.in,2018-11,645863,LeakCheck.io
Jivo.ru,2019-11,149736,LeakCheck.io
Antichat.ru,2009-11,40984,LeakCheck.io
Remote-control-world.eu,,147426,LeakCheck.io
RuneHQ.com,2015-11,16254,LeakCheck.io
WeLeakInfo.com (Stripe orders),2020-01,11111,LeakCheck.io
Albumwash.com,2021-01,438796,LeakCheck.io
Liker.com,2021-02,29226,LeakCheck.io
Xat.com,2014-11,5271755,LeakCheck.io
Bookchor.com,2021-02,498213,LeakCheck.io
Dark-Wind.com,,167015,LeakCheck.io
Armynavydeals.com,2017-11,169848,LeakCheck.io
Facebook.com,2018-11,2863874,LeakCheck.io
Rds.it,2020-12,40191,LeakCheck.io
Free.navalny.com,2021-02,527914,LeakCheck.io
Loveplanet.ru,2014-11,6144522,LeakCheck.io
Bigbasket.com,2021-03,29241463,LeakCheck.io
Parkmobile.io,2021-02,20925835,LeakCheck.io
Vipoferta.bg,2020-11,347289,LeakCheck.io
DailyQuiz.me,,9846869,LeakCheck.io
Wowhead.com,2019-10,199411,LeakCheck.io
Clashofclansbuilder.com,,713363,LeakCheck.io
Kroobannok.com,2020-11,43421,LeakCheck.io
Mineserv.eu,,52584,LeakCheck.io
Bigbarn.co.uk,2018-11,16516,LeakCheck.io
TigTag.com,2021-05,1449032,LeakCheck.io
Essays-experts.com,2021-05,1501,LeakCheck.io
D4tabase.com,,20672,LeakCheck.io
DashHacks.com,2015-11,145443,LeakCheck.io
Paddyfield.com.hk,,17632,LeakCheck.io
Rootkit.com,2010-11,59661,LeakCheck.io
Agents.ncl.eu,2020-02,27062,LeakCheck.io
Readnovel.com,2019-04,19072464,LeakCheck.io
Coinsbit.io,2020-05,10924,LeakCheck.io
DateHotBrunettes.com,2021-04,1412571,LeakCheck.io
FBK/SmartVote/Free.navalny.com,2020-11,2266109,LeakCheck.io
Nomer.io,2021-07,195106,LeakCheck.io
Doxbase.cc,2021-03,746,LeakCheck.io
ZeusGame.me,2019-11,283276,LeakCheck.io
Lalacat.net,,4584,LeakCheck.io
Jassume.com,2020-11,734026,LeakCheck.io
OnlineTours.ru,2021-05,22173,LeakCheck.io
Mayngames.com,2020-11,231663,LeakCheck.io
Niir.org,2021-07,154835,LeakCheck.io
Unmined.io,2020-10,114194,LeakCheck.io
Aimware.net,2019-03,176876,LeakCheck.io
Forums.MyPirata.me,2019-12,503350,LeakCheck.io
Glory4Gamers.com / Nicecactus.gg,2015-11,302874,LeakCheck.io
Eccie.net,2021-02,457584,LeakCheck.io
JamTangan.com,2021-06,431027,LeakCheck.io
Guarented.com,2021-08,15824,LeakCheck.io
Hopponworks.com,2021-04,49043,LeakCheck.io
Brisbanebbs.com,2021-03,314049,LeakCheck.io
USA.life,2019-11,34585,LeakCheck.io
Codeleakers.com,2021-07,26598,LeakCheck.io
500px.com,2017-11,13933145,LeakCheck.io
Guntrader.co.uk,2021-06,111302,LeakCheck.io
Yoreparo.com,,860560,LeakCheck.io
GlobalCrypto.exchange,2021-05,1067828,LeakCheck.io
Lada-Granta.net,2021-04,3749,LeakCheck.io
Forosdelweb.com,2008-11,63588,LeakCheck.io
Epik.com,2021-01,31415,LeakCheck.io
Tunedglobal.com,,962115,LeakCheck.io
Careers.slb.com,2021-04,447362,LeakCheck.io
ClearVoiceSurveys.com,2015-07,15596245,LeakCheck.io
CoinPayex.ltd,2021-06,389749,LeakCheck.io
Ajarn.com,2021-08,247365,LeakCheck.io
CoinMarketCap.com,,3120404,LeakCheck.io
txtmate.com,,257074,LeakCheck.io
Animeify.net,2021-10,791974,LeakCheck.io
Betfame.com,2019-10,13621,LeakCheck.io
BlackHatWorld.com,2014-07,765280,LeakCheck.io
FreeHack.com,2016-01,25453,LeakCheck.io
Thisiskaraoke.com,,10451,LeakCheck.io
Murraybridgespeedway.com,2018-01,192,LeakCheck.io
Guncelgazete.com,,924,LeakCheck.io
Fetishnetwork.com,,9049,LeakCheck.io
OpenGap.net,2021-10,20638,LeakCheck.io
forums.realgm.com,2015-09,90177,LeakCheck.io
Indiamart.com,2021-05,20159540,LeakCheck.io
Sendpulse.com,2016-01,438306,LeakCheck.io
Actmobile.com (FreeVPN/DashVPN),2021-10,1583166,LeakCheck.io
RuneVillage.com,,43197,LeakCheck.io
Jobthaiweb.com,,416537,LeakCheck.io
Atraf.co.il,2021-10,621887,LeakCheck.io
Crimecraft.mayngames.com,2021-01,1570578,LeakCheck.io
Travelio.com,2021-01,471225,LeakCheck.io
AlphaEx.net,2019-01,12760,LeakCheck.io
Datpiff.com,,7630113,LeakCheck.io
Bear.tax,2021-03,106235,LeakCheck.io
Rbx.exchange,2016-01,104266,LeakCheck.io
Sexclub.ru,2021-07,313331,LeakCheck.io
WHMCS.com,2012-05,125920,LeakCheck.io
IPMart-Forum.com,2015-12,1930139,LeakCheck.io
Devil-torrents.pl,,63403,LeakCheck.io
Proptiger.com,,1080148,LeakCheck.io
Games.Snail.com,2012-12,1410552,LeakCheck.io
Farmadelivery.com.br,2021-12,176965,LeakCheck.io
ABFRL.com,2022-01,2070083,LeakCheck.io
BTC-Alpha.com,2021-11,362064,LeakCheck.io
Upstox,2021-04,87222,LeakCheck.io
Pikabu.ru,2022-01,575587,LeakCheck.io
CDEK,,19220905,LeakCheck.io
Forexdengi.com,2022-01,34572,LeakCheck.io
text.ru,2021-03,696406,LeakCheck.io
Telderi.ru,2021-03,250800,LeakCheck.io
Robinhood.com,2021-11,5003924,LeakCheck.io
Delivery Club,2021-07,314831,LeakCheck.io
Tutu.ru,2021-11,1998610,LeakCheck.io
NovaPoshta,2021-11,36706,LeakCheck.io
Hjedd.com,2021-11,13191798,LeakCheck.io
Bookcrossing.com,2013-01,1548327,LeakCheck.io
dns-shop.ru,2022-09,7718377,LeakCheck.io
OnlineTrade.ru,2022-09,5048294,LeakCheck.io
school.mos.ru,2022-09,5285656,LeakCheck.io
Exvagos.com,2022-07,1908694,LeakCheck.io
Gemini.com,2022-01,5378298,LeakCheck.io
Unigame.com,2019-09,608158,LeakCheck.io
Twitter.com (scraping data),2022-01,211502358,LeakCheck.io
Wakanim.com,2022-08,6706750,LeakCheck.io
dev.dota2.com,2016-07,407756,LeakCheck.io
Kinokong.org,2021-03,815955,LeakCheck.io
Ria.ru,2022-04,664861,LeakCheck.io
Homerefill.com.br,2020-04,171014,LeakCheck.io
Kixify.com,2022-03,3046440,LeakCheck.io
Ordersnapp.com,2020-06,1299787,LeakCheck.io
Anilibria.tv,2018-08,108180,LeakCheck.io
Benchmark.rs,2019-11,93192,LeakCheck.io
APK.tw,2022-09,2430657,LeakCheck.io
NFLRush.com,2014-12,559197,LeakCheck.io
Trackitt.com,2022-07,421108,LeakCheck.io
Rosasidan.ws,2022-03,76615,LeakCheck.io
Smarthome.rt.ru,2021-12,641294,LeakCheck.io
Innogames.com,2016-07,602297,LeakCheck.io
Board.freeones.com,2018-01,954768,LeakCheck.io
Webhostingtalk.com,2016-09,535580,LeakCheck.io
Yatra.com,2013-09,301803,LeakCheck.io
Yotepresto.com,2020-06,586725,LeakCheck.io
Tout.com,2014-09,700641,LeakCheck.io
Psu.com,2016-09,224409,LeakCheck.io
Vkusvill.com,2022-12,233062,LeakCheck.io
Gemotest.ru,2022-04,6360566,LeakCheck.io
Appticket.com.br,2021-06,150006,LeakCheck.io
JeepForum.com,2016-06,507846,LeakCheck.io
forums.gamevil.com,2020-05,725866,LeakCheck.io
Tele2.ru,2022-06,5603458,LeakCheck.io
Sms-activate.org,2019-01,283089,LeakCheck.io
Latestpilotjobs.com,2022-09,114390,LeakCheck.io
Chain.link,2022-01,6022,LeakCheck.io
Gamesbox.com,2021-03,1448800,LeakCheck.io
Originalam.net,2022-06,190223,LeakCheck.io
Fotolog.com,2018-12,24153284,LeakCheck.io
Avtovo.ru,,246863,LeakCheck.io
Slideteam.net,2021-04,1464149,LeakCheck.io
Urok.1c.ru,2023-01,185976,LeakCheck.io
Tiktop-free.com,2022-12,1978186,LeakCheck.io
Raidforums.com,2020-09,478635,LeakCheck.io
Bookvoed.ru,2023-06,2511756,LeakCheck.io
Rozakhutor.com,2023-06,522736,LeakCheck.io
Eksmo.ru,2023-05,425393,LeakCheck.io
Breachforums.vc,2023-06,4205,LeakCheck.io
Zacks.com,2020-05,8872518,LeakCheck.io
Litres.ru,2023-08,587349,LeakCheck.io
Craftrise.com.tr,2022-03,2519008,LeakCheck.io
Duolingo.com,2023-08,2676695,LeakCheck.io
Atmeltomo.com,2021-04,579023,LeakCheck.io
Pampling.com,2020-08,370919,LeakCheck.io
Propostuplenie.ru,2023-03,520925,LeakCheck.io
Fitmart.de,2022-01,1057242,LeakCheck.io
Magicduel.com,2023-08,138402,LeakCheck.io
Cigreviews.com,,153851,LeakCheck.io
Leroymerlin.ru,2023-05,4559230,LeakCheck.io
Pandabuy.com,2024-03,771702,LeakCheck.io
URent,2021-11,77055,LeakCheck.io
HeadHunter.ru,2018-01,492283,LeakCheck.io
AT&T,2021-01,49095095,LeakCheck.io
Deezer.com,2019-09,228382237,LeakCheck.io
MGMResorts.com,2019-07,24831494,LeakCheck.io
Verifications.io,2019-02,103274174,LeakCheck.io
LuminPDF.com,2019-04,14969149,LeakCheck.io
CutOut.pro,2024-02,19955202,LeakCheck.io
pcTattleTale.com,2024-05,118714,LeakCheck.io
Tappware.com,2024-04,784,LeakCheck.io
MovieBoxPro.app,2024-04,6020638,LeakCheck.io
ThePostMillennial.com,2024-05,39812,LeakCheck.io
FoodWorkercard.wa.gov,2018-11,1595171,LeakCheck.io
TangerineTelecom.com.au,2024-02,236077,LeakCheck.io
MrGreen.com,2024-03,27105,LeakCheck.io
Forum.WoTLabs.net,2024-03,21980,LeakCheck.io
mgnl.ru,,245155,LeakCheck.io
Technolove.ru,2024-01,31385,LeakCheck.io
DC Health Link,2023-03,31786,LeakCheck.io
Dymocks.com.au,2023-06,836029,LeakCheck.io
iDTech.com,2023-01,414668,LeakCheck.io
JD Group,2023-05,463858,LeakCheck.io
KitchenPalApp.com,2023-11,98687,LeakCheck.io
Sphero.com,2023-09,811155,LeakCheck.io
Zurich.co.uk,2023-01,756709,LeakCheck.io
Citylab.ru,2023-09,347783,LeakCheck.io
Alfabank.ru,2023-01,61323424,LeakCheck.io
Yandex Food,2022-02,7936903,LeakCheck.io
Trello.com,2024-01,14050876,LeakCheck.io
YouNow.com,2019-02,16550754,LeakCheck.io
CityJerks.com,2023-02,35075,LeakCheck.io
Eye4Fraud.com,2023-01,14565627,LeakCheck.io
InflateVids.xyz,2023-12,13316,LeakCheck.io
Life360.com,2024-03,234242,LeakCheck.io
Condo.com,2019-06,835066,LeakCheck.io
uBook,2024-07,451432,LeakCheck.io
ExploreTalent.com,2022-02,4145914,LeakCheck.io
National Public Data,2024-04,708882970,LeakCheck.io
Sport 9000,2024-04,3119983,LeakCheck.io
Sberbank.ru,2021-08,8330198,LeakCheck.io
ZenMobile,,250488,LeakCheck.io
InfinityLearn.com,2024-08,96434,LeakCheck.io
AmartFurniture.com.au,2022-05,23537,LeakCheck.io
AndroidLista.com,2021-07,6605230,LeakCheck.io
Artsy.net,2018-04,1043337,LeakCheck.io
Battlefy.com,2016-06,1758,LeakCheck.io
Bhinneka.com,2020-01,1262003,LeakCheck.io
Bourse-des-vols.com,2021-01,194194,LeakCheck.io
Capitaleconomics.com,2021-12,225950,LeakCheck.io
Divx.com,2010-01,780355,LeakCheck.io
Doomworld.com,2022-10,34425,LeakCheck.io
MyDriveSure.com,2020-12,3222787,LeakCheck.io
Elanic.in,2018-01,2239836,LeakCheck.io
Europa.jobs,2019-08,166,LeakCheck.io
Flexbooker.com,2021-12,2745080,LeakCheck.io
GamingMonk,2020-12,632940,LeakCheck.io
Ge.tt,2017-05,1712317,LeakCheck.io
GeckoVPN,2021-02,34653,LeakCheck.io
GiveSendGo.com,2022-02,21662,LeakCheck.io
JamesDelivery.com.br,2020-03,834519,LeakCheck.io
JukinMedia.com,2021-10,4581,LeakCheck.io
KomplettFritid.no,2021-02,54352,LeakCheck.io
Kreditplus.com,2020-06,744211,LeakCheck.io
Leaked Reality,2022-01,5108,LeakCheck.io
Luxottica,2021-03,74363520,LeakCheck.io
MangaDex.com,2021-03,426466,LeakCheck.io
PhoneHouse.es,2021-04,5200794,LeakCheck.io
RealDudesInc.com,2022-10,11129,LeakCheck.io
Reincubate.com,2017-05,210678,LeakCheck.io
Short-Edition.com,2021-06,505090,LeakCheck.io
SirHurt.net,2021-04,64007,LeakCheck.io
Stripchat.com,2021-11,9859413,LeakCheck.io
Flytap.com,2022-08,5403858,LeakCheck.io
Tokopedia.com,2020-04,59238579,LeakCheck.io
Vianetplc.com,2020-04,46842,LeakCheck.io
Wendys.com.ph,2018-03,50684,LeakCheck.io
Zoomcar.com,2018-07,3588011,LeakCheck.io
Audi,2019-08,1126693,LeakCheck.io
RailYatri.in,2022-12,24534333,LeakCheck.io
Traderie.com,2022-09,352414,LeakCheck.io
LDLC.com,2024-02,1457073,LeakCheck.io
Husky-owners.com,2024-07,16402,LeakCheck.io
Autotrader.co.uk,2023-01,7827,LeakCheck.io
MrGreenGaming.com,2024-03,384,LeakCheck.io
Pipingrock.com,2024-04,2016194,LeakCheck.io
MarketMoveis.pt,2023-08,28283,LeakCheck.io
mSpy.com,2024-06,2121568,LeakCheck.io
LeSlipFrancais.fr,2024-04,1427957,LeakCheck.io
Facebook Marketplace,2023-10,44539,LeakCheck.io
Chronofhorse.com,,175522,LeakCheck.io
Airsoftstation.com,,47303,LeakCheck.io
Fantamatic.com,,46154,LeakCheck.io
Pureincubation.com,2024-08,10288358,LeakCheck.io
GamingMonk.com,2020-12,632940,LeakCheck.io
Realcoding.net,,86927,LeakCheck.io
forums.gtrcanada.com,2023-06,81431,LeakCheck.io
AuroraFN.dev,,4445,LeakCheck.io
HubbleConnected.com,2022-01,843624,LeakCheck.io
Shitexpress.com,2022-08,11464,LeakCheck.io
Mebhome.ru,2024-09,8921,LeakCheck.io
JMBuilion.com,2020-01,460357,LeakCheck.io
Xiledgaming.com,2019-01,108921,LeakCheck.io
Megamodels.pt,2024-01,176003,LeakCheck.io
forums.shell-livewire.com,2019-01,294098,LeakCheck.io
Ukscrappers.co.uk,2021-01,47290,LeakCheck.io
Globaldtt.com,2023-10,250322,LeakCheck.io
Globaldtt.com,2022-01,1068335,LeakCheck.io
AnimeLeague.com,2024-07,33817,LeakCheck.io
Burgerkingrus.ru,2024-08,3114555,LeakCheck.io
Live4fun.ru,,148984,LeakCheck.io
Overclockzone.com,2023-01,675298,LeakCheck.io
Hopzone.net,,175146,LeakCheck.io
Detmir.ru,2024-08,1062964,LeakCheck.io
MMO-Trick.com,2023-01,77923,LeakCheck.io
Leopays.com,2023-01,63774,LeakCheck.io
Kiteforum.com,2023-01,13886,LeakCheck.io
Assoc.pension.bg,,57476,LeakCheck.io
Allo-internet.ru,,83072,LeakCheck.io
MovieForums.com,2022-12,18384,LeakCheck.io
Habbo.st,2017-02,554139,LeakCheck.io
Getcarrier.com,,77853,LeakCheck.io
Kidscreations,,39387,LeakCheck.io
Rebonz.co.kr,2023-01,1169891,LeakCheck.io
Leaguespy.com,2020-12,104092,LeakCheck.io
Xbiz.com,2017-06,27140,LeakCheck.io
Oasisgames,,429635,LeakCheck.io
Jobringer.com,2022-01,89548,LeakCheck.io
Boostbot.org,2017-09,932762,LeakCheck.io
forums.spacetimestudios.com,2020-11,96514,LeakCheck.io
Near-reality.com,,2199,LeakCheck.io
Vuzevpn.com,2021-01,5589,LeakCheck.io
Dancesport.ru,2021-01,17159,LeakCheck.io
Teg.com,,17645177,LeakCheck.io
JDBBX.com,2016-11,3571934,LeakCheck.io
Katapult.com,2020-09,2228924,LeakCheck.io
Spacetimestudios.com,2020-11,7698748,LeakCheck.io
AlpineReplay,2019-08,934358,LeakCheck.io
AhoyGame.com,2017-01,171710,LeakCheck.io
THCtalk.com,2017-11,41717,LeakCheck.io
BDSMSutra.com,2019-09,16682,LeakCheck.io
forums.tribot.org,,8985,LeakCheck.io
forums.albiononline.com,,274289,LeakCheck.io
mvhacks.net,2014-08,56812,LeakCheck.io
Winestyle.ru,2024-10,400268,LeakCheck.io
1Win,2024-11,96369670,LeakCheck.io
ScanTour.ru,2024-04,47832,LeakCheck.io
3delectronics.ru,2023-06,8650,LeakCheck.io
DennisKirk.com,2021-09,1356078,LeakCheck.io
Zoloto585.ru,,8941147,LeakCheck.io
Whoosh.bike,2022-11,4040628,LeakCheck.io
TrueCaller India,2019-02,62266685,LeakCheck.io
Sportmaster.ru,2023-01,11860777,LeakCheck.io
Anidub.pro,,4973,LeakCheck.io
MediaWorks.co.nz,2023-03,38802,LeakCheck.io
Level.travel,2022-12,1315742,LeakCheck.io
Maiestas.org,2017-01,3337,LeakCheck.io
Eirtakon.com,2017-01,1608,LeakCheck.io
Knoppix.bet,2019-06,32324,LeakCheck.io
Podrygka.ru,,94413,LeakCheck.io
Hindudharmaforums.com,2017-01,6446,LeakCheck.io
Campgroundmaster.com,2017-01,525,LeakCheck.io
Wildraiderz.com,2017-01,2169,LeakCheck.io
Ancery,2015-11,211495,LeakCheck.io
P3dhack.ru,2023-07,1880,LeakCheck.io
Elluel.net,2017-01,5992,LeakCheck.io
Gaijingamers.com,2017-01,2940,LeakCheck.io
Vill.ee,2017-01,49,LeakCheck.io
Wildstar,2015-07,708608,LeakCheck.io
Sedona.com,2017-01,461,LeakCheck.io
Vezetvsem,2022-06,1614357,LeakCheck.io
Veganallsorts.com,2021-03,177375,LeakCheck.io
Forums.supertrapp.com,2017-01,1990,LeakCheck.io
Clubdbsa.org,2017-01,181,LeakCheck.io
Systemtools.com,2017-01,4044,LeakCheck.io
Turniketov.net,2022-06,695,LeakCheck.io
Vipfish.ru,2023-01,13367,LeakCheck.io
Forums.superbetter.com,2017-01,841,LeakCheck.io
Netprospex,2016-01,14062637,LeakCheck.io
Tropicalflowersforums.com,2017-01,937,LeakCheck.io
Torrent-invites.com,2017-01,37571,LeakCheck.io
Backcountrytalk.earnyourturns.com,2017-01,1044,LeakCheck.io
Safeskyhacks.com,2017-01,3648,LeakCheck.io
Banorte,2022-08,2069191,LeakCheck.io
Sogazlk,,7796965,LeakCheck.io
2ndfloor.org,2017-01,8,LeakCheck.io
Getcontact-numbster,,138672,LeakCheck.io
Va-outdoors.com,2017-01,3105,LeakCheck.io
Rangevideo.com,2017-01,6673,LeakCheck.io
Rabota-v-sochi,2013-01,11684,LeakCheck.io
Rostelecom,,600833,LeakCheck.io
UFCFightClub,2017-11,220344,LeakCheck.io
Nflfans.com,2017-01,3891,LeakCheck.io
Filmleaf.net,2017-01,405,LeakCheck.io
Animeforum.ru,2017-12,132469,LeakCheck.io
Amihome.by,2023-02,178596,LeakCheck.io
Avito.ma,2022-09,2656171,LeakCheck.io
Smallworlds.com,2017-01,2179,LeakCheck.io
Roaddevils.com,2017-01,2088,LeakCheck.io
Riseofchampions.com,2017-01,2593,LeakCheck.io
Thewalkingdeadgaming.co.uk,2017-01,36,LeakCheck.io
Forum.atlasti.com,2017-01,4546,LeakCheck.io
Community.playkot.com,2017-01,5138,LeakCheck.io
Vapersforum.com,2017-01,26060,LeakCheck.io
Hawkeshealth.net,2017-01,302,LeakCheck.io
Bluepearl-skins.com,2017-01,814,LeakCheck.io
Ludoria.net,2017-01,48,LeakCheck.io
Atletasnow.com,2021-01,19715,LeakCheck.io
Dobigpgt.com,2023-01,11874,LeakCheck.io
Alfastrah.ru,,993266,LeakCheck.io
Selly.vn,2022-01,222862,LeakCheck.io
Russkoe-slovo.ru,2022-01,969,LeakCheck.io
Smallblockposse.com,2017-01,2111,LeakCheck.io
Sledderforums.com,2017-01,850,LeakCheck.io
Zonehacks.com,2017-01,2291,LeakCheck.io
Zunal.com,,498031,LeakCheck.io
Sectionseven.net,2017-01,167,LeakCheck.io
Nanocad,2024-01,800860,LeakCheck.io
Pathfinder-airsoft.com,2017-01,461,LeakCheck.io
Laguna-club.by,,24308,LeakCheck.io
Forum.pitofwar.com,2017-01,764,LeakCheck.io
Chinaeko,2017-01,180737,LeakCheck.io
Musclenutrition.com,2022-09,101786,LeakCheck.io
Okrug,,202837,LeakCheck.io
Sandpex,2021-07,229930,LeakCheck.io
Bdsmfap.com,2017-01,1014,LeakCheck.io
Tequila.net,2017-01,4071,LeakCheck.io
Spim.ru,,205378,LeakCheck.io
Tupacfanbase.com,2017-01,52,LeakCheck.io
Koboxingforum.com,2017-01,5556,LeakCheck.io
Daniweb.com,2015-01,1049659,LeakCheck.io
Duowan.com,2011-01,2580615,LeakCheck.io
Stratfor,2011-12,815327,LeakCheck.io
Parfumcity.com.ua,2021-03,12573,LeakCheck.io
Doublefinish.com,2017-01,428,LeakCheck.io
Forums.prowrestling.com,2017-01,325,LeakCheck.io
Thehousebreakingbible.com,2017-01,361,LeakCheck.io
Righttorebel.net,2017-01,3591,LeakCheck.io
Pixelentity.com,2017-01,3459,LeakCheck.io
Texasguntalk.com,2017-01,10962,LeakCheck.io
Printi.com.br,,433619,LeakCheck.io
Krasnoeibeloe.ru,,14551111,LeakCheck.io
Kirupa.com,2017-01,8835,LeakCheck.io
Gtssportstalk.com,2017-01,4,LeakCheck.io
Zimnie.com,2024-07,10937,LeakCheck.io
Mernetwork.com,2017-01,3349,LeakCheck.io
Marijuanagrowing.com,2017-01,4772,LeakCheck.io
Fotostrana.ru,,792593,LeakCheck.io
Forum.diversitynursing.com,2017-01,26,LeakCheck.io
Fishingboard.net,2017-01,650,LeakCheck.io
Gossamerblue.com,2017-01,6716,LeakCheck.io
Forums.zarafa.com,2017-01,5584,LeakCheck.io
Joyheat.com,2017-01,530,LeakCheck.io
Telefon-treff.de,,223452,LeakCheck.io
Forums.bandainamcogames.com,2017-01,184,LeakCheck.io
Birdphotographers.net,2017-01,3408,LeakCheck.io
Preen.me,,218160,LeakCheck.io
Malakye,,250621,LeakCheck.io
Gonegambling.com,2017-01,456,LeakCheck.io
Hackernewbie,,28352,LeakCheck.io
Semhora,2016-08,198936,LeakCheck.io
Free-dc.org,2017-01,15187,LeakCheck.io
Foilforum.com,2017-01,1211,LeakCheck.io
Darkstar-gaming.com,2017-01,1129,LeakCheck.io
Namma11,2022-02,31109,LeakCheck.io
Taklope,2022-01,201479,LeakCheck.io
Forum.epygi.com,2017-01,11105,LeakCheck.io
Rendez-vous.ru,,4200783,LeakCheck.io
Sberspasibo,,2892034,LeakCheck.io
Community.freebord.com,2017-01,4107,LeakCheck.io
Philips,2021-01,294045,LeakCheck.io
Ulfencing.net,2017-01,508,LeakCheck.io
Vrtalk.com,2017-01,3040,LeakCheck.io
Pashnit.com,2017-01,632,LeakCheck.io
Breezesysforum.co.uk,2017-01,4899,LeakCheck.io
Masedworld,2018-04,1594401,LeakCheck.io
Darkmills.cc,2017-01,1312,LeakCheck.io
Xboxforum.com,2017-01,9526,LeakCheck.io
Blaze-gaming.net,2017-01,54,LeakCheck.io
Sad-i-ogorod,2021-01,204646,LeakCheck.io
Leakninja,,1987,LeakCheck.io
Supermensa.org,2017-01,483,LeakCheck.io
Narc.net,2017-01,221,LeakCheck.io
Techimo.com,2017-01,23086,LeakCheck.io
Calltermination.com,2017-01,3106,LeakCheck.io
Clashofolympus,,1055371,LeakCheck.io
Xsyon.com,2017-01,989,LeakCheck.io
Employmentcenter.ru,2019-08,53220,LeakCheck.io
Epldiamond.ru,2023-04,374865,LeakCheck.io
Swgreckoning.com,2017-01,2861,LeakCheck.io
Forum.rompvp.com,2017-01,1889,LeakCheck.io
Farmacent,2023-10,6922,LeakCheck.io
Playstationuniverse,2016-09,223839,LeakCheck.io
Pascalgamedevelopment.com,2017-01,2326,LeakCheck.io
Barcaforum.com,2017-01,3099,LeakCheck.io
Ringcentral.com,2023-01,915106,LeakCheck.io
Forum.zenstudios.com,2017-01,536,LeakCheck.io
Mtsboard.com,2017-01,2790,LeakCheck.io
Forums.cashisonline.com,2017-01,5773,LeakCheck.io
Ftxgames.com,2017-01,1090,LeakCheck.io
Canwatchco.ca,2017-01,3119,LeakCheck.io
Astrovolga.ru,2023-08,35173,LeakCheck.io
Bleachmyasylum.com,2017-01,2986,LeakCheck.io
Dojoapp.co,2017-02,671977,LeakCheck.io
Tpprf.ru,,7431,LeakCheck.io
Descompilica,,4799671,LeakCheck.io
El-dent.ru,2024-01,50851,LeakCheck.io
Aosts.net,2017-01,1152,LeakCheck.io
Edmlife.com,2017-01,561,LeakCheck.io
Aussievapers.com,2017-01,1194,LeakCheck.io
Fpvlab.com,2017-01,6867,LeakCheck.io
Ridetherock.com,2017-01,311,LeakCheck.io
Divxup.com,2017-01,28660,LeakCheck.io
Forums.mra-racing.org,2017-01,12495,LeakCheck.io
Clan-gameover.com,2017-01,2132,LeakCheck.io
Job.sy,2020-03,226798,LeakCheck.io
Forum.jdmstyletuning.com,2017-01,15084,LeakCheck.io
Dikidi,2023-10,60448,LeakCheck.io
Dota2hentai,2021-01,37172,LeakCheck.io
New-smoke.com,2017-01,2413,LeakCheck.io
Elvinelol,,10701,LeakCheck.io
Spurstalk.com,2017-01,20410,LeakCheck.io
Hookers.nl,,184001,LeakCheck.io
Forums.augi.com,2017-01,14264,LeakCheck.io
Ozzmods.com,2017-01,1487,LeakCheck.io
Mobilinkpakistan,2013-01,1697185,LeakCheck.io
Forums.kingsoftherealm.com,2017-01,2107,LeakCheck.io
Progressiveears.org,2017-01,2811,LeakCheck.io
Exotiks.ru,2023-02,7595,LeakCheck.io
Aspkin.com,2016-09,26068,LeakCheck.io
Pharmacosmetica.ru,,819807,LeakCheck.io
The420room.com,2017-01,21,LeakCheck.io
Mixbizz.com,2017-01,77,LeakCheck.io
Tetongravity.com,2017-01,18834,LeakCheck.io
Zonbase,2021-08,4888,LeakCheck.io
Psychonaut.com,2017-01,7641,LeakCheck.io
Reasonforums.com,2017-01,2985,LeakCheck.io
Artnow.ru,2022-08,73435,LeakCheck.io
Scenesat.com,2017-01,1561,LeakCheck.io
Linuxforums.org,2018-05,244541,LeakCheck.io
Ewebdiscussion.com,2017-01,8129,LeakCheck.io
Downloadpolitics.com,2017-01,1496,LeakCheck.io
Winelab.ru,,52576,LeakCheck.io
Yojoe.com,2017-01,24946,LeakCheck.io
Underworldempireforums.com,2017-01,427809,LeakCheck.io
Destructoid.com,2015-07,71813,LeakCheck.io
Thewarz.com,2012-12,208826,LeakCheck.io
Totaljerkface,2010-08,179685,LeakCheck.io
Scufgaming,2015-06,24743,LeakCheck.io
Unrealengine.com,2016-01,477023,LeakCheck.io
Caorle,2022-04,4501,LeakCheck.io
Ticketiq,2016-03,1186,LeakCheck.io
Pixelgoose.com,2017-01,1480,LeakCheck.io
Rabota5ka.ru,2022-08,538,LeakCheck.io
Orteka.ru,2024-03,415620,LeakCheck.io
Zaimer.kz,2024-03,1438858,LeakCheck.io
Forum.rusrek.com,2021-01,116045,LeakCheck.io
Apolyton.net,2020-05,13203,LeakCheck.io
Starnet,2015-02,10553,LeakCheck.io
Shadowcraft.ru,2016-09,193121,LeakCheck.io
ForodelGuardiaCivil,2022-09,0,LeakCheck.io
Exilemod,2016-08,71067,LeakCheck.io
Ragazzos,2021-08,863547,LeakCheck.io
Xploder.net,2014-01,31365,LeakCheck.io
TheFappening.so,2015-12,0,LeakCheck.io
Esia.097,2022-12,887116,LeakCheck.io
Meyson.fr,2022-11,0,LeakCheck.io
ShakerAndSpoon,2022-03,63925,LeakCheck.io
IndiaAthletics.in,2022-02,0,LeakCheck.io
KfcChina,2022-05,2715979,LeakCheck.io
Regme,2022-08,0,LeakCheck.io
Bitrewards.io,2020-04,424896,LeakCheck.io
Kassy.ru,2023-04,4546033,LeakCheck.io
Eyeofgod,2021-01,0,LeakCheck.io
SwingManiacs,2021-01,19830,LeakCheck.io
EatStreet,2019-05,0,LeakCheck.io
PassionsNetwork,2017-01,825475,LeakCheck.io
Business-gazeta.ru,2020-12,64107,LeakCheck.io
Sonypictures.com,2011-01,17898,LeakCheck.io
Quickjump,2016-07,0,LeakCheck.io
Shisha-net.de,2021-01,0,LeakCheck.io
Heyplay.games,2021-01,50714,LeakCheck.io
Tokensoft,2022-11,0,LeakCheck.io
D-apteka.ru,2024-08,40987,LeakCheck.io
Nadpo.ru,2022-05,0,LeakCheck.io
SrimuruGantrading.com.sg,2019-01,24345,LeakCheck.io
Jobstreet,2017-10,3512660,LeakCheck.io
Legendas.tv,2017-10,3815100,LeakCheck.io
BitcoinTalk.org,2015-05,0,LeakCheck.io
Solidworkscommunity.com,2022-01,0,LeakCheck.io
SportMarafon,2022-01,322980,LeakCheck.io
Vietloan.vn,2024-01,2120231,LeakCheck.io
Lavaguden.ru,2019-01,0,LeakCheck.io
Tcb.com.ua,2022-12,9223,LeakCheck.io
Dom.ru,2022-11,0,LeakCheck.io
Lenwood.ru,2021-08,0,LeakCheck.io
Lamoda,2020-02,464527,LeakCheck.io
Appleinsider.ru,2023-01,0,LeakCheck.io
Wiredbucks.com,2022-07,0,LeakCheck.io
Vidita-sport.com.ua,2022-11,0,LeakCheck.io
Anabel-lee.com,2022-01,0,LeakCheck.io
Walmart.com,2018-01,1289889,LeakCheck.io
Arteza.com,2023-03,0,LeakCheck.io
Rapidflyer,2019-07,136045,LeakCheck.io
Rushmypassport.com,2020-06,260830,LeakCheck.io
8teenxxx.com,2020-11,0,LeakCheck.io
Gobpo.com,2017-08,0,LeakCheck.io
Fast-anime.ru,2021-02,0,LeakCheck.io
2035school.ru,2023-01,213403,LeakCheck.io
Partselect.ru,2019-10,38396,LeakCheck.io
Xfit.ru,2022-05,0,LeakCheck.io
Dibxsubtitles.com,2010-01,0,LeakCheck.io
Darnipora.lt,2016-02,86666,LeakCheck.io
Tnote,2021-01,1559,LeakCheck.io
Qraved.com,2021-07,930707,LeakCheck.io
Inturist.ru,2023-07,8428,LeakCheck.io
VivaAir,2022-03,21489,LeakCheck.io
GalacticGames,2021-03,50039,LeakCheck.io
Gamingunity,2017-05,0,LeakCheck.io
Mcresolver,2015-12,0,LeakCheck.io
BlackMarketReloaded,2013-10,8049,LeakCheck.io
VKPay,2022-01,131570,LeakCheck.io
Sberpravo,2023-02,70944,LeakCheck.io
Apollo,2018-07,0,LeakCheck.io
Bell,2017-05,159,LeakCheck.io
Lifebox,2022-06,74379,LeakCheck.io
Tianya.cn,2011-12,0,LeakCheck.io
Dbforums.com,2016-07,340815,LeakCheck.io
Kuchenland.ru,2024-04,443141,LeakCheck.io
Kaspersky.com,2024-01,369,LeakCheck.io
Vitaexpress.ru,2023-06,0,LeakCheck.io
Neteller.com,2010-05,0,LeakCheck.io
MobileLegends,2022-05,0,LeakCheck.io
Coinmine,2022-07,7695,LeakCheck.io
Fileice.net,2015-05,5002,LeakCheck.io
Toonbook,2015-11,24922,LeakCheck.io
Sandmc.ru,2020-12,203545,LeakCheck.io
Clownforum,2021-05,0,LeakCheck.io
Utmagazine.ru,2019-04,27737,LeakCheck.io
Knuddels.de,2018-09,0,LeakCheck.io
QZaem,2023-09,3736862,LeakCheck.io
Interwebz.cc,2015-06,0,LeakCheck.io
GamesOfDesire,2021-12,276674,LeakCheck.io
Sofascore,2021-07,262189,LeakCheck.io
Maksavit.ru,2024-10,399991,LeakCheck.io
EGRUL,2024-01,0,LeakCheck.io
Damoda24.by,2021-03,0,LeakCheck.io
Atlasquantum,2018-08,0,LeakCheck.io
Sencha.com,2020-09,840398,LeakCheck.io
Tvoydom,2023-06,358980,LeakCheck.io
Opentable,2020-01,0,LeakCheck.io
Poolmark.mag,,4514,LeakCheck.io
Powerboy.co.th,2023-05,0,LeakCheck.io
247Hire,2022-07,49853,LeakCheck.io
Simpleminecraft.ru,,242405,LeakCheck.io
Adengi.ru,2024-03,5957599,LeakCheck.io
Habibs.com.br,2021-08,3507910,LeakCheck.io
Hyundai,2020-01,825656,LeakCheck.io
Faceit.com,2017-01,230704,LeakCheck.io
Altenens.is,2022-06,1237353,LeakCheck.io
Sfguard,2021-01,2422243,LeakCheck.io
Cerebriti,2020-01,8521,LeakCheck.io
Raruk.ru,2022-07,0,LeakCheck.io
DoctorNaUchebe.ru,2024-03,0,LeakCheck.io
Unix.com,2021-05,0,LeakCheck.io
Oriflame.ru,2021-09,4854522,LeakCheck.io
Vapstore.de,2021-08,121571,LeakCheck.io
Gpsunderground.com,2016-07,661084,LeakCheck.io
Aimjunkies.com,2014-04,0,LeakCheck.io
Bell,2014-01,0,LeakCheck.io
Flipkart.com,2022-09,0,LeakCheck.io
Litecloud.me,2017-01,0,LeakCheck.io
Askona.ru,2023-06,1319472,LeakCheck.io
Armeec,2023-01,0,LeakCheck.io
V-TightGel,2016-02,1908621,LeakCheck.io
Esia.044,2022-12,0,LeakCheck.io
Forums.webzen.com,2022-01,0,LeakCheck.io
Naumen.ru,2022-01,0,LeakCheck.io
