"BreachName","Data"
"04510sagasu.com.38-211.execute.jp","Email, Password"
"153weather.com","Email, Password"
"1tur.ru","Email, Hash"
"212booter","Email, Hash, Username"
"35map.com","Email, Password"
"360gears.com","Email, Hash"
"3dsiso.com","Email, Hash, IP1, Salt, Username"
"4uck.org","Email, Hash, Salt, Username"
"51cto.com","Email, Hash, Username"
"81.22.247.142","Email, Hash"
"8ch.net(moderators)","Email, Hash, Salt, Username"
"Aimjunkies","Email, IP1, Username"
"ArmyForceMilitaryWarsWarfare","Email, Hash, IP1, Username"
"Arteropk.com","Password, Username"
"Blackhatworld.com","DOB, Email, Hash, IP1, Salt, Username"
"BloodRealmForum.com","DOB, Hash, IP1, Salt, Username"
"CBoard.CProgramming.com","Email, Hash, IP1, Username"
"CandyPvP","Email, Hash, Username"
"Cencus","Address, DOB, First, Phone"
"Controlbooter","Email, Hash, Username"
"Craftsforum.co.uk","DOB, Email, Hash, IP1, Salt, Username"
"Eshet.net","Email, First, Hash"
"ExplosiveGaming.com","Email, First, Hash, Username"
"FiestaFan.com","DOB, Email, Hash, IP1, Salt, Username"
"Freescience.info","Email, Hash"
"HLTV.org","Email, First, Hash, Username"
"Hackyard.net(Blog)","Email, Hash, Username"
"Hawkingtech.com","Email, Hash, Username"
"L33tHacking.net","DOB, Email, Hash, IP1, IP2, Salt, Username"
"Mihahome.de","Email, First, Hash, IP1, Username"
"PassiveNation.com","DOB, Email, Hash, Salt, Username"
"Plutonia.fr","Email, Hash, Username"
"Secretentourage.com","DOB, Email, Hash, IP1, Salt, Username"
"Swebits","Email, Password, Username"
"Team-Xecuter.com","DOB, Email, Hash, IP1, Salt, Username"
"TotalWar.com","DOB, Email, Hash, IP1, Salt, Username"
"Tumblr.com","Email, Hash"
"UserPass(Random)","Password, Username"
"Warframe.com","DOB, Email, Hash, IP1, Salt, Username"
"Ziotic","Email, Hash, Username"
"Aamv.net","Email, Hash"
"Aarohi.org","Email, Hash"
"Abcstitch-therapy.com","Email, Hash"
"Acampapr.com","Email, Password"
"Accountgear.com","Email, Password"
"Acehfh","IP1, Username"
"Acptsc.net","Email, Hash"
"Adclickerads.com","Email, Password"
"Admissionads.pk","Email, Password"
"Africanaffair.net","Email, Password"
"Agency.lacosta.ru","Email, Password"
"Agnusdeiloja.com.br","Email, Password"
"Ahlulbait.org","Email, Password"
"Al-kowneyn.com","Email, Password"
"Alaska","Address, DOB, First, Last, Phone"
"Allaroundproducts.com","Email, Hash"
"Alleghanyjournal.com","Email, Password"
"Almipraha.cz","Email, Password"
"Aluportal.com","Email, Hash"
"Amaluxuryshower.it","Email, Hash"
"Amateurtheatredatabase.com","Email, Password"
"Amphasisdesign.com","Email, Hash"
"Androprovince.cf","DOB, Email, Hash, IP1, IP2, Salt, Username"
"Anglocourse.com","Email, Password"
"Annlanders.com","Email, Password"
"Antonovclima.com","Email, Hash"
"Ape-raccorderie.com","Email, Hash"
"Apexbooter.com","Email, Hash, Username"
"Apothekerkammer-nds.de","Email, Hash"
"App.hytexts.com","Email, Hash"
"App.misaplicaciones.com","Email, Hash"
"Applied.world-psychotherapy.com","Email, Hash"
"Apprentissage.artisan-comtois.com","Email, Password"
"Apsche.org","Email, Hash"
"Aptekajakmarzenie.pl","Email, Hash, Salt"
"Arameo.de","Email, Hash"
"Araxite","Email, Username"
"Archives.cinessonne.com","Email, Hash"
"Ardore.annunci-gratuiti.it","Email, Password"
"Arenabg","Email, Hash, IP1, Salt, Username"
"Arkitectum.com","Email, Hash"
"Armor-vacances.com","Email, Hash"
"Aromaparadise.lt","Address, DOB, Email, First, Hash, Last, Password, Username"
"Artbbs.biz","Email, Hash, IP1, Username"
"Arteutile.net","Email, Password"
"Arthritis-cats-dogs.com","Email, Password"
"Askmefast.com","Email, Password"
"Asociatiabrokerilor.ro","Email, Hash"
"Asoviva.jp","Email, Password"
"Asterios.ru","Email, Hash, IP1, Username"
"Attorneyjobsinusa.com","Email, Password"
"Auction5.mineral-auctions.com","Email, Password"
"Augsburg-schwarz.de","Email, Hash"
"Austin.com.tw","Email, Password"
"Australia","Address, Email, First, Last, Phone"
"Avangardrealt.ru","Email, Hash"
"Avanqard.net","Email, Hash"
"Aves.be","Email, Hash"
"Avilia.de","Email, Hash"
"Avtomatpro.ru","Email, Password"
"Backtovinyls.fr","Email, Hash"
"Bahrainpropertyworld.com","Email, Hash"
"Balkanesports.com","Email, Hash, Salt, Username"
"Balletto.net","Email, Password"
"Balticbookings.com","Email, Hash"
"Bananecoco.com","Email, Password"
"Banluegroup.com","Email, Password"
"Battlefy.com","Email, Hash, Username"
"Bdsmfap.com","Email, Hash, Salt, Username"
"Bdsouth.co.uk","Email, Password"
"Bdsouthwest.co.uk","Email, Password"
"Be.mobminder.com","Email, Password"
"Beautysecrets.co.za","Email, Password"
"Becshop.net","Email, Password"
"Beeldenstorm.org","Email, Hash"
"Bel12volt.ru","Email, Password"
"Bells.be","Email, Hash"
"Belozerskoe.ukrmisto.net","Email, Hash"
"Bemyva.com","Email, Hash"
"Berserk.es","Email, Hash"
"Bestcharitiesnca.org","Email, Hash"
"Bestjobs4all.com","Email, Password"
"Bestkolkata.com","Email, Hash"
"Bgben.co.uk","Email, Password"
"Bgpochivka.eu","Email, Hash"
"Bibmaster.com","Email, Hash"
"Big-ce.pf","Email, Password"
"Bigbonuses.com","Email, Password"
"Billbarter.com","Email, Hash"
"Billion7.co","Email, Hash"
"Binweevils.com","Hash, Username"
"Birdsofeurope.eu","Email, Hash"
"Bitcointalk.org","DOB, Email, First, Hash, IP1, IP2, Salt, Username"
"Bitcointrading.com","Email, Password"
"Bitgamer.com","DOB, Email, Hash, IP1, Salt, Username"
"Bitleak.net","Email, Hash, IP1, IP2, Password, Salt, Username"
"Bladehotel","Email, Hash, IP1, Username"
"Blazingvps.com","Address, Email, First, Hash, IP1, Last, Salt"
"Blu-rayiso.com","Email, Hash, IP1, Salt, Username"
"Bluebooktrader.com","Email, Hash"
"Blueribbon-toys.com","Email, Hash"
"Bluesnap.com(payments)","Address, Email, First, Last, Phone"
"Board.uscho.com","Email, Hash, Salt, Username"
"Board4all.biz","Email, Hash, Salt, Username"
"Bobbibrowncosmetics.com.tw","Email, Password"
"Bodyfitthailand.com","Email, Password"
"Bolliger-company.com","Email, Hash"
"Bomdiggy.com","Email, Hash"
"Bookcollectorshop.com","Email, Password"
"Bootlegzone.com","Email, Hash"
"Boryspil.ukrmisto.net","Email, Hash"
"Botoflegends.com","Email, Hash, Salt, Username"
"Brainden.com","Email, Hash, IP1, Salt, Username"
"Brownleejewelers.com","Email, Hash"
"Bslhomework.org.uk","Email, Hash"
"Bulbs.co.uk","Email, Hash"
"Bullchart.de","Email, Hash"
"Bungkla.go.th","Email, Password"
"Bunkier.com","Email, Hash"
"Burningwheel.com","Email, Hash, Salt, Username"
"Businessrisksinternational.com.au","Email, Hash"
"Buspartstest.com","Email, Hash"
"Bvra.gameonmanager.com","Email, Hash"
"C.afaqs.com","Email, Password"
"Cairnscompost.com","Email, Hash"
"Callofgods.com","DOB, Email, Hash, IP1, Salt, Username"
"Cambridge.edu.au","Email, Hash"
"Cambrooke.com","Email, Password"
"Campgroundmaster.com","Email, Hash, Salt, Username"
"Camping-in-europa.de","Email, Password"
"Canadiancyclist.com","Email, Password"
"Cantgetyouoffmymindlyrics.maryjblige.lyricschords.net","Email, Password"
"Canyoncrestk9.com","Email, Hash"
"Carding.cc","Address, Email, First, Hash, IP1, Last, Phone"
"Carlack.com","Address, First, Last"
"Caughtinthebalance.toto.lyricschords.net","Email, Password"
"Ccfreunde.de","Email, Hash"
"Cfoto.hu","Email, Hash"
"Cft.or.kr","Email, Password"
"Chamberswines.com","Email, Hash"
"Channelnext.ca","Email, Hash"
"Chavengcenter.com","Email, Password"
"Cheat-master.net","Email, Password"
"Chevol.com","Email, Hash"
"Childcarebydesign.com.au","Email, Hash"
"Chinahealthcare.com.hk","Email, Hash"
"Chinasthc.com","Email, Password"
"Chods-cheats.com","Email, Hash, IP1, Salt, Username"
"Chorse.net","Email, Hash"
"Chotec.cz","Email, Hash"
"Chriswilsonartist.com","Email, Hash"
"Chrmglobal.com","Email, Password"
"Citadel.sx","Email, IP1, Username"
"Clan-amok.org","Email, IP1, Password, Username"
"Classmates.com","Address, Email, First, Last"
"Cleanworld-th.com","Email, Password"
"Clownmodding.com","Email, Hash, IP1, Salt, Username"
"Club24-7.ru","Email, Password"
"Clubapplive.com","Email, Hash"
"Cmkon.org","Email, Password"
"Cntdrs.com.br","Email, Hash"
"Coasterfuel.com","Email, Hash"
"Coinsrush.com","Password, Username"
"Coinwatch.ch","Email, Password"
"Coljoytraining.com.au","Email, Hash"
"Colombocityhotels.lk","Email, Hash, Username"
"Compounds.barabas.us","Email, Hash"
"Comx.cz","Email, Hash"
"Concursocec.com.br","Email, Hash"
"Condusef.gob.mx","Email, Username"
"Control.sdindustrial.com.mx","Email, Hash, Salt"
"Convertmyads.com","Email, Password"
"Coordinadoradelamujer.org.bo","Email, Hash"
"Cosensa.co.uk","Email, Password"
"Cosmetologiachile.com","Email, Password"
"Cotswoldcoffee.co.uk","Email, Password"
"Cows.fi","Email, Hash"
"Crackingitaly.com","Email, Hash, IP1, Salt, Username"
"Craft-helme.maedl.de","Email, Hash, Salt"
"Crcmt.org.br","Email, Password"
"Createst.altervista.org","Email, Hash"
"Credit4study.com","Email, Hash"
"Crush007.co.uk","Email, Password, Username"
"Cs.net","Email, Password"
"Cscms.de","Email, Hash"
"Ctfishtalk.com","Email, Hash"
"Culture.place","Email, Hash"
"Curabet.com","Email, Hash, Salt"
"D2club.ru","DOB, Email, Hash, IP1, Salt, Username"
"D2football.com","Email, First, Password"
"D3sk1ng.com","Email, Password, Username"
"D4tabase.com","DOB, Email, Hash, Salt, Username"
"Dancelittlerudeboy.ianduryandtheblockheads.lyricschords.net","Email, Password"
"Danriveremmaus.net","Email, Password"
"Darkfadepvp(buycraft)","Address, Country, Email, First, IP1, Username"
"Database.cazalac.org","Email, Hash, Salt"
"Dcsocialmarketing.com","Email, Hash"
"Deadc0deshop.net","Email, Hash, IP1, Salt, Username"
"Decomax.com.ar","Email, Hash"
"Deenside.co.uk","Email, Hash"
"Delta-tur.ru","Email, Hash"
"Denniswheatley.info","Email, Hash"
"Digilib.stikeskusumahusada.ac.id","Email, Hash"
"Digilib.stikom.edu","Email, Hash"
"Digital-data.de","Email, Hash"
"Diversityworking.com","Email, Password"
"Dixieply.com","Email, Password"
"Djservice.sk","Email, Password"
"Dmtools.org","Email, Hash"
"Dogshowcentral.co.uk","Email, Password"
"Dojoapp.co","Email, First, Hash, Last"
"Dordingull.com","Email, Hash"
"Dorsetthotels.com","Email, Hash"
"Dragonsmark.com","Email, Hash"
"Drrobertmartin.com","Email, Password"
"Dtion.jp","Email, Hash"
"Duelingnetwork.com","Email, Hash, IP1, Username"
"Duen.hu","Email, Password"
"Dungeontwister.org","Email, Hash"
"Duowan.com","Email, Hash, Username"
"Dvdcalifornia.com.br","Email, Password"
"Earthprint.com","Email, Hash"
"Eastmanringetteleague.com","Email, Hash"
"Ebcbrakes.bg","Email, Hash"
"Echanblardnext.org","Email, Hash"
"Ecoroku.jp","Email, Hash"
"Edaboard.com","Email, Hash, Salt, Username"
"Edacentrum.de","Email, Hash"
"Editorateosofica.com.br","Email, Password"
"Education-japan.org","Email, Password"
"Efectosnavales.es","Email, Hash, Salt"
"Effortlessgk.com","Email, Hash"
"Egefrim.dk","Email, Hash"
"Elance.com","Email, Hash"
"Elite-dev.com","DOB, Email, Hash, IP1, Salt, Username"
"Elsjoglars.net","Email, Hash"
"Emescn.net","Email, Hash"
"Emotka.net","Email, Hash"
"En.acltad.org","Email, Hash"
"Encoregfa.com","Email, Hash"
"Ene-green.com","Email, Password"
"Energybay.org","Email, Password"
"Enoty.eu","Email, Hash"
"Enrichlivingnow.com","Email, Password"
"Enrichment.org","Email, Hash"
"Epicbot.com","DOB, Email, Hash, IP1, Salt, Username"
"Es.abags.cn","Email, Hash"
"Esavs.net","Email, Password"
"Escolanauticamorretes.com.br","Email, Password"
"Escortdimension.net","Email, Hash"
"Espressostories.com","Email, Password"
"Etf.capitallink.com","Email, Password"
"Eumed.net","Email, Hash"
"Eurobeat-prime.com","Email, Hash"
"Eveshamphoto.net","Email, Hash"
"Examwitharihant.com","Email, Password"
"Exmid.com","Email, Hash"
"Expat.ru","Email, Hash"
"Extranet.cnfpt-centre.fr","Email, Hash"
"Extreme-forum.net","Email, Hash, Salt, Username"
"Faes2.hospedagemdesites.ws","Email, Hash"
"Fairhotel-jena.de","Email, Password"
"Falcarmc.net","Email, Username"
"Fantasyseriea.com","Email, Hash"
"Fantasysports777.com","Email, Hash"
"Farmchokchai.com","Email, Password"
"Faxator.com","Email, First, IP1, Password, Phone"
"Festivalsalvadoreno.com","Email, Hash"
"Fgxstresser.com","Email, Username"
"Fightforflint.org","Email, Password"
"Filmleaf.net","Email, Hash, Salt, Username"
"Fineartworld.com","Email, Hash"
"Finianz.de","Email, Password"
"Fishin.rs","Email, Hash, Username"
"Fishing.co.uk","Email, Hash"
"Fishingboard.net","Email, Hash, Salt, Username"
"Fishkeepers.net","Email, Password"
"Fivb.org","Email, Password"
"Flaid.pair.com","Email, Password"
"Fldnet.dk","Email, Password"
"Flexiloans.com","DOB, Email, First, Hash, Last, Phone, Username"
"Floorfittingsolutions.co.uk","Email, Hash"
"Flykending.dk","Email, Hash"
"Flylabs","Email, Password"
"Focusfeatures.com","Email, Password"
"Focusintlmanpower.com","Email, Password"
"Foodstrade.com","Email, Password"
"Forceonline.com","Email, Password"
"Foroaps.org","Email, Password"
"Forum.hogwartz.ir","Email, Hash, Salt, Username"
"Forum.jdmstyletuning.com","Email, Hash, Salt, Username"
"Forum.parfumshik.ru","Email, Hash"
"Forum.pitofwar.com","Email, Hash, Salt, Username"
"Forum.rompvp.com","Email, Hash, Salt, Username"
"Forum.tablet.bg","Email, Hash, IP1, Salt, Username"
"Forumptd.com","Email, Hash, Username"
"Forums.gotwoot.net","Email, Hash, Salt, Username"
"Forums.prowrestling.com","Email, Hash, Salt, Username"
"Forums.relicnews.com","Email, Hash, Salt, Username"
"Forums.superbetter.com","Email, Hash, Salt, Username"
"Francony.com","Email, Hash"
"Freebitco.in","Email, Password"
"Freemantech.co.uk","Email, Hash, Salt"
"G3nx.com","Email, Hash, IP1, Salt, Username"
"Gabba.cc","Email, Password"
"Gadgetultra.com","Email, Password"
"Galileo-kenya.com","Email, Password"
"Gallery.auroraimages.com.au","Email, Hash"
"Gambia.com","Email, Hash"
"Gameshot.net(ips)","Email, IP1"
"Gamesnord.com","Email, Password"
"Gamevn.com","Email, Hash, Salt, Username"
"Gamewar.com","Email, Password"
"Gamigo.com","Email, Hash"
"Gardexinc.com","Email, Hash"
"Gastrotrend.cz","Email, Hash"
"Geding.com.tw","Email, Hash"
"Genbank.at","Email, Hash"
"Genomacinst.cz","Email, Hash"
"Germany-netcologne.db","Email, Hash, Username"
"Getawaygolf.com.au","Email, Password"
"Getyourmusic.de","Email, Password"
"Ggseventos.com.br","Email, Hash"
"Gic-japan.co.jp","Email, Hash"
"Giftsshop.in","Email, Password"
"Godhumor.dk","Email, Hash"
"Gosugamers.net","Email, First, Hash, Phone, Username"
"Gpsuruguay.com","Email, Hash"
"Gramlove.co","Email, Hash"
"Greatwalloptical.com.hk","Email, Hash"
"Green-sell.info","Email, Hash"
"Gregg-school.co.uk","Email, Hash"
"Groupezk.com","Hash, IP1, Username"
"Gruppem.co.jp","Email, Hash, Salt"
"Guardianangeldrivingschool.com","Email, Password"
"Guestranches.com","Email, Password"
"Guildless.net","Email, Hash"
"Guitar-museum.com","Email, Password"
"Gumishop.si","Email, Hash"
"Hairad.co.kr","Email, Password"
"Hastingsmotorcare.co.uk","Email, Password"
"Havelikalbakken.no","Email, Password"
"Hcrapaddler.com","Email, Password"
"Healthcaremarketing.eu","Email, Hash"
"Hec.gov.pk","Email, First, Password, Phone"
"Hedgeconnection.com","Email, Password"
"Herzliyamuseum.co.il","Email, Hash"
"Hexui.com","Email, Hash, IP1, Salt, Username"
"Hikinghq.net","DOB, Email, Hash, IP1, Salt, Username"
"Historiasinsolitas.com","Email, Hash"
"Hitjob.ks.ua","Email, Password"
"Hnnsum","Email, Hash, Password, Username"
"Hobesoundhomesandproperty.com","Email, Password"
"Home.yogi-house.com","Email, Hash"
"Homeeasybuy.com","Email, Hash"
"Hongfire.com","DOB, Email, Hash, IP1, Salt, Username"
"Hoststudent.co.uk","Email, Password"
"Hotelhorba.eu","Hash, Username"
"Hotmail.com(random)","Email, Password, Username"
"Html5gamedevs.com","Email, Hash, Salt, Username"
"Huang24.com","Email, Password"
"Hypergen.ch","Email, Hash, IP1, Username"
"I-players.com","Email, Password"
"I66.de","Email, Password"
"Ican.org.np","Email, Password"
"Iceplex.tv","Address, DOB, Email, First, Last, Password"
"Ichatusa","Email, Password, Username"
"Icrafts.su","Email, First, Hash, IP1, Phone, Username"
"Ieikuwait.org","Email, Password"
"Ifmsis.ac.tz","Email, Hash"
"Ijcsjournal.com","Email, Hash"
"Ima-india.org","Email, Password"
"Imath.imlearning.com.tw","Email, Hash"
"Imics.nccu.edu.tw","Email, Password"
"Immo-mit-bild.de","Email, Password"
"Immobilien-streuer.de","Email, Password"
"Indisa.es","Email, Hash"
"Industrialreviews.ru","Email, Hash"
"Inexglobal.com","Email, Password"
"Infotex.ru","Email, Hash"
"Inovarpublico.com.br","Email, Hash"
"Insanity2.com","Email, Hash, Username"
"Instantcashads.com","Email, Password"
"Interfacelift.com","Email, Password"
"Interlude.net.ua","Hash, Username"
"Internetfamous.com","Email, First, Last, Password, Username"
"Interself.ru","Email, Password"
"Inu.eurobeat-prime.com","Email, Hash"
"Inventorconnections.com","Email, Password"
"Invitro.hu","Email, Password"
"Iop.co.th","Email, Password"
"Iphotoall.com","Email, Hash"
"Iqrashop.com","Email, Hash, Salt"
"Iradiophilly.com","Email, Password"
"Itdoc.ru","Email, Hash"
"Itjobs-online.com","Email, Password"
"Izbori.hr","Email, First, Hash, IP1, Last, Phone, Username"
"Jangidbrahminsamaj.com","Email, Hash, Username"
"Jaos.com","Email, Hash"
"Japanese","Email, Password"
"Javaspice.com.au","Email, Hash"
"Jenhodj.freeinfo","Password, ﻿Email"
"Jennyhaskins.com","Email, Hash"
"Jesuk.com","Email, Hash"
"Jetsfansunited.com","DOB, Email, Hash, IP1, Salt, Username"
"Jiangsu.net","Email, Hash"
"Jie-sheng168.com.tw","Email, Password"
"Jimcordova.com","Email, Hash"
"Jobdunia.com","Email, Password"
"Jobs.cv.ua","Email, Password"
"Jobs4mnc.com","Email, Hash"
"Journality.hu","Email, Password"
"Journeylogic.in","Email, Hash"
"Joyheat.com","Email, Hash, Salt, Username"
"Jozifm.co.za","Email, Password"
"Jpag.org","Email, Hash"
"Justdate.com","DOB, Email, First, Last"
"Jzauction.com.cn","Email, Hash"
"K-1sport.de","Email, Hash"
"Kaakelikeskus.net","Address, Email, First, Hash, Phone, Username"
"Kajak.org.pl","Email, Hash"
"Kaosbolaclothing.com","Email, Hash"
"Kassotechnik.sk","Email, Password"
"Keigarhomes.co.uk","Email, Password"
"Kgolagano-it.co.za","Email, Password"
"Khansmeat.co.za","Email, Password"
"Kinesiomotossicologia.it","Email, Hash"
"Kkanita.diaryclub.com","Email, Hash"
"Knowyourcollege-gov.in","Email, Hash, Password"
"Kokshe.biz","Email, Password"
"Kolna.ma","Email, Hash, IP1, Phone"
"Komodtumba.ru","Email, Hash"
"Kosarkarski-trenerji.com","Email, Password"
"Kreis-ahrweiler.info","Email, Hash"
"Kreisklassengoetter.de","Email, Hash"
"Krimmel-gmbh.de","Email, Hash"
"Krkediciones.es","Email, Hash"
"Kryptonic.pw","Email, Hash, IP1, IP2, Username"
"Kstam.kofst.or.kr","Email, Password"
"Kukerlandia.com","Email, Hash"
"Kylesdata(credit)","Address, DOB, Email, First, IP1, Last, Phone"
"Kylesdata(instantcheckmate.com)","Address, Email, First, IP1, Last, Phone"
"Kylesdata(payday)","Address, DOB, Email, First, IP1, Last, Phone"
"Kysportsreport.com","Email, Hash, IP1, Salt, Username"
"L2style.ru","Email, Password, Username"
"Labl.teriin.org","Email, Hash"
"Lafacade.elforia-design.fr","Email, Password"
"Lancastervetclinic.com","Email, Password"
"Land-rover-parts-shop.com","Email, Hash"
"Larevuedupraticien.fr","Email, Hash"
"Lashamweather.co.uk","Email, Password"
"Lastminute.eurodesk.eu","Email, Hash"
"Ldsmusicnow.com","Email, Hash"
"Leagueoflegends-bg.com","Email, Hash, IP1, Salt, Username"
"Leagueoflegendsforum","Password, ﻿Email"
"Leakforums.org","Email, Hash, IP1, Salt, Username"
"Learning.it","Email, Password"
"Lenten-season.com","Email, Hash"
"Leotvhd.com","Email, Hash"
"Levir.com.br","Email, Hash, Salt"
"Lexvidhi.com","Email, Password"
"Lfvmv.de","Email, Hash"
"Licensestore.jp","Email, Hash"
"Lifepositive.com","Email, Hash"
"Lit.org","Email, Hash"
"Lizardstresser","Email, Password, Username"
"Loc.gov","Email, Hash, Username"
"Localrank.watch","Address, Email, First, Phone"
"Lognetinfo.com.br","Email, Password"
"Logospoetry.org","Email, Password"
"Lol-eune","Password, Username"
"Ltvb.de","Email, Password"
"Lucaforum.demoscene.hu","Email, Hash"
"Ludovikbrushes.com","Email, Password"
"Lufctalk.com","Email, Hash"
"Luhc.org.uk","Email, Hash"
"Lustigestories.de","Email, Password"
"Lzp.gov.lv","Email, Hash"
"M.basketgoncelingresivaudan.com","Email, Password"
"Magaloc.com","Email, Hash"
"Mahindraecolecentrale.edu.in","Email, Password"
"Mail.kpilib.ru","Email, Password"
"Maineproperty.com","Email, Password"
"Mainmenu.acbradio.org","Email, Hash"
"Majkluvsvet.cz","Email, Hash"
"Mak-unatrac.com","Email, Hash"
"Maksamall.com","Email, Hash"
"Malwarebytes.org","Email, Hash, IP1, Salt, Username"
"Malzkornfoto.de","Email, Hash"
"Mama.ladyzone.bg","Email, Hash, IP1, Salt, Username"
"Manuales-gratis.com","Email, Password"
"Marijuanagrowing.com","Email, Hash, Salt, Username"
"Marinesoutheast.co.uk","Email, Hash, ﻿Email"
"Marketdownload.com","Email, Hash"
"Mauropascoli.it","Email, Password"
"Maxwebinfo.com","Email, Password"
"Maz-sound.de","Email, Hash"
"Mbuniverse.co.uk","Email, Hash"
"Mcleaks.net","Email, Password"
"Mcrockstars.com","Email, Hash, IP1, Salt, Username"
"Me2dvd.com","Email, Password"
"Medicalwale.com","Email, Hash"
"Medmag.ru","Email, Hash"
"Meloman-bg.com","Email, Password"
"Meptrainings.com","Email, Password"
"Mernetwork.com","Email, Hash, Salt, Username"
"Mesas.de","Email, Hash"
"Michaelrother.de","Email, Hash"
"Michtoy.com","Address, Email, First, Last, Password"
"Micitsci.com","Email, Hash"
"Miciudad.es","Email, Hash"
"Micmacfrance.com","Email, Hash"
"Micros-elearning.com","Email, Hash"
"Midnightcamera.com","Email, Hash"
"Mile33.com","Address, Email, First, Hash, IP1, Last, Phone"
"Mindme.ie","Email, Hash"
"Mineagepvp.org","Email, Username"
"Minecraft-money.ru","Email, Password, Username"
"Minecraftnews.net","Email, Hash, IP1, Salt, Username"
"Mineedy.ys","Email, Username"
"Mineman.club","IP1, ﻿Username"
"Mirakar.com","Email, Hash"
"Mis-sp.org.br","Email, Hash"
"Misssocialnetwork.com","Email, Password"
"Mixkatalog.de","Email, Hash"
"Mizihuatanejo.co","Email, Password"
"Mkcsplit.hr","Email, Password"
"Mmogames.com","Email, Password"
"Mobilneforum.pl","Email, Hash, IP1, Salt, Username"
"Modderdb","Email, IP1, Password"
"Mojobraz.sk","Email, Password"
"Mondo-romania.ro","Email, Password"
"Money.com.au","Email, First, Hash"
"Money1688.tw","Email, Password"
"Mop.com","Email, Password"
"Moto.i-o.pl","Email, Hash"
"Mountain.ru","Email, Password"
"Mountainpathproperties.com","Email, Password"
"Mp3hungama.com","Email, Hash, Username"
"Msn","Address, Email, First"
"Mumayi.com","DOB, Email, Hash, IP1, IP2, Username"
"Mumukshu.org","Email, Password"
"Mundoacuicola.cl","Email, Password"
"Music.lt","Email, Hash"
"Music.zortam.com","Email, Password"
"Musicboy.co.uk","Email, Hash"
"My-paren.ru","Email, Hash"
"Myarmtv.com","Email, Password"
"Mygolf-tour.co.uk","Email, Hash"
"Myshoeconnection.com","Address, Email, First, Last, Password, Phone"
"Naamyoga.com","Email, Password"
"Nancyspicks.com","Email, Password"
"Natalieimbruglia.com","Email, Password"
"Nattyfree.com","Email, Hash"
"Naughtywiki(naughtyamerica)","Email, First, Hash, Username"
"Near-reality.io(ingame)","Hash, Username"
"Nemmehjemmesider.dk","Email, Password"
"Neofriends.com","Email, Password, Username"
"Netlog.com","Email, Password"
"Networks","Email, Hash, Username"
"Newbergreport.com","Email, Hash"
"Newjerseyherald","Email, Hash, Username"
"Newlifechurch.org","Email, Password"
"Newmart","DOB, Email, Hash, Salt, Username"
"News.51xiaotu.com","Email, Hash"
"Newsoflegends.com","Email, Hash, Username"
"Nextgenupdate.com","Email, Hash, IP1, Username"
"Nexusmods.com","Email, Hash, Salt, Username"
"Nickandgreg.net","Email, Hash"
"Nightmyworld.com","Email, Password"
"Niot.res.in","Email, Hash"
"Nisute.com","Email, Hash"
"Nixforums.org","Email, Hash, Username"
"Noblessemall.com","Email, Hash"
"Noctalia.fr","Email, Hash, Username"
"Notrebonneaffaire.com","Email, Hash"
"Nra.full-throttlecom2.net","Email, Hash, Salt"
"Nsacoop.org","Email, Hash"
"Oculate.us","IP1, Username"
"Offrobot.com","Email, Password"
"Ohionissans.com","DOB, Email, First, Hash, IP1, IP2, Salt, Username"
"Okanaganvacationhomerentals.com","Email, Hash"
"Okayad.net","Email, Hash"
"Okayama.q-jin.ne.jp","Email, Hash"
"Okmedicina.it","Email, Hash, Salt"
"Oldmoney.kr","Email, Hash"
"Oneislandband.com","Email, Password"
"Onionstresser.com","Email, Hash, Username"
"Onlygirlsgames.com","Email, Hash"
"Ontcm.com","Email, Hash"
"Optec-developpement.fr","Email, Password"
"Orientalcopper.com","Email, Hash"
"Osas.ca","Email, Password"
"Ostiapvp.org","IP1, Username"
"Osveldahar.org","Email, Hash, IP1, Salt, Username"
"Otmouthe.fr","Email, Hash"
"Ownedcore.com","Email, Hash, IP1, Salt, Username"
"Oxford-diffraction.com","Email, Hash"
"P2ptvsports.com","Email, Hash"
"Paddypower.com","DOB, Email, First, IP1, Last, Phone, Username"
"Palmq.net","Email, Hash"
"Palmq.ru","Email, Hash"
"Pandopuntokualda.com","Email, Hash"
"Papanica.sk","Email, Hash"
"Parapa.mail.ru","Email, Hash, Username"
"Pardeevillecarshow","Email, Hash, Username"
"Parraautomotores.com.ar","Email, Hash"
"Partners.incanto.eu","Email, Password"
"Passwordscity.net","DOB, Email, Hash, IP1, Salt, Username"
"Pc-it-shop.de","Email, Hash"
"Pcbuyersguide.com.ph","Email, Hash"
"Pedigree.gamedogs.cz(forums)","DOB, Email, Hash, IP1, Username"
"Pepinster.be","Email, First, Hash, Last, ﻿Username"
"Perifericrecords.com","Email, Password"
"Phitrust.com","Email, Password"
"Pianc.org","Email, Password"
"Piatadeporumbei.ro","Email, Password"
"Pineriversyoga.com","Email, Hash"
"Pinncloud.com","Email, Password"
"Pjg.ee","Email, Hash"
"Pk.ipobar.com","Email, Hash"
"Planetgame.com","Email, Password"
"Planetmountain.com","Email, Password"
"Playerapop.com","Email, Hash"
"Playhabz","Email, Hash, IP1, Username"
"Playtestvr.com","Email, Hash"
"Plmconnections.com","Email, Password"
"Plu.cn","Email, Hash, IP1, Salt, Username"
"Pocketgamer.co.uk","Email, First, Hash, Last, Username"
"Poetrynation.com","Email, Password"
"Pomiar-czasu.pl","Email, Hash"
"Pooyingnaka.com","Email, Hash"
"Porneskimo.com","Email, Hash"
"Porno-maniac.org","Email, Hash, Salt, Username"
"Portail-peche.com","Email, Password"
"Pos.dreamybunch.com","Email, Hash"
"Ppstore.us","Email, Hash, IP1, IP2, Username"
"Pr-rp.com","Email, Hash, Salt, Username"
"Preetlari.com","Email, Password"
"Primetimereaders.com","Email, Hash"
"Privateschoolsdirectory.com.au","Email, Password"
"Pro-manpower.com.tw","Email, Password"
"Probemas.com","Email, Password"
"Profiliceni.cz","Email, Password"
"Profitpips.com","Email, Password"
"Proleague.de","Email, Hash"
"Protemps.com.sg","Email, Hash"
"Psiho.com","Email, Password"
"Psiquiatria.com","Email, Hash"
"Psx-scene.com","DOB, Email, Hash, IP1, Salt, Username"
"Pure-yoga.com.cn","Email, Password"
"Pvpingnetwork","Email, Username"
"Qdpcs.com","Email, Hash"
"Qigong.ru","Email, Hash"
"Queenwood.nsw.edu.au","Email, Hash"
"Quickmytrip.com","Email, Hash"
"Quizrevolution.com","Email, Hash"
"Quran-mn.com","Email, Hash"
"Quranacademy.io","Email, First, Hash"
"R3i.org","Email, Password"
"Racejournalonline.com","Email, Password"
"Rainbowshiu.net","Email, First, Phone"
"Ramblermines.com","Email, Hash"
"Ranking.deli-net.jp","Email, Hash"
"Ratanaonline.com","Email, Password"
"Rawal.tv","Email, Hash"
"Realestatebz.com","Email, Password"
"Realontario.ca","Email, Password"
"Repospace","Email, Hash, Username"
"Restobrussels.be","Email, Hash"
"Retirementdirectory.co.uk","Email, Hash"
"Revizieshop.ro","Email, Hash, Salt"
"Rgf.is","DOB, Email, Hash, IP1, Salt, Username"
"Richfieldflooring.co.uk","Email, Hash"
"Ricoh.looedu.com","Email, Hash"
"Righttarget.in","Email, Password"
"Risingshare.club","Email, Hash"
"Roatzpk.com","Email, Hash, Username"
"Rock-festival.ru","Email, Hash"
"Rodauto.pt","Email, Hash"
"Roller-coaster.com.au","Email, Hash"
"Rongshuxia.com","Email, Password"
"Ropiky.net","Email, Password"
"Roseindia.net","Email, Hash"
"Rosprites.simn.de","Email, Hash"
"Ross.kr","Email, Hash"
"Roxette.cz","Email, Hash"
"Rprint.ru","Email, Hash"
"Rsblackknights","Email, Hash, Salt, Username"
"Rshun.hu","Hash, Username"
"Ru.winguild.ru","Email, Password"
"Rugkazbah.com","Email, Hash"
"Runeplanet.com","Email, Hash, Salt, Username"
"Runescapesr.com","DOB, Email, Hash, IP1, Username"
"Ruslang.ru","Email, Hash"
"S.n-w.jp","Email, Password"
"S430634838.mialojamiento.es","Email, Password"
"S475140492.online.de","Email, Password"
"Sabebabywear.com","Email, Hash"
"Sacredheartyouthfc.co.uk","Email, Hash"
"Sandragee.co.uk","Email, Password"
"Sandypointproshop.com","Email, Password"
"Sawasdeekappom.com","Email, Password"
"Sc","Address, DOB, Email, First, Last, Phone"
"Schlegelmilch.smcc.de","Email, Hash"
"Scientific-meeting.org","Email, Password"
"Search.legalsalah.com","Email, Password"
"Sg-forum.info","Email, Hash, IP1, Salt, Username"
"Sharecash.org","Email, Hash, Password, Username"
"Shejay.net","Email, Password"
"Shellauction.net","Email, Hash"
"Shigasuma.jp","Email, Password"
"Shimanaka.co.jp","Email, Password"
"Shop.gpgindustries.com","Email, Hash"
"Shop.iris-musikverlag.de","Email, Hash"
"Shop.santool.de","Email, Hash"
"Shop.spajupiter.com","Email, Hash"
"Shop.wwr.com.tw","Email, Password"
"Shopboyshoodies.cf","Email, Hash"
"Shopcameralenscaps.tk","Email, Hash"
"Shopmultifunctionprinters.ga","Email, Hash"
"Shopnurseryblankets.gq","Email, Hash"
"Shopwebcams.cf","Email, Hash"
"Signature-properties-solutions.com","Email, Hash"
"Signoret-electromenager.fr","Email, Password"
"Simplestexplanation.com","Email, Hash, Username"
"Sirindhorn.net","Email, Hash"
"Siteducyclisme.net","Email, Password"
"Sk.com.br","Email, Password"
"Sklep.klimors.pl","Email, Hash"
"Sktorrent.eu","Email, Password, ﻿Username"
"Skyll.net","DOB, Email, First, Hash, IP1, IP2, Salt, Username"
"Skylog.kz","Email, Hash"
"Slang.ie","Email, Password"
"Smithpump.com","Email, Password, Username"
"Smkfomra.net","Email, Hash"
"Smprogettoimmobiliare.it","Email, Password"
"Snakefalls.org","Email, Hash"
"Soccersam.com","Email, Hash"
"Solidrockautogroup.com","Email, Password"
"Solociclocross.com","Email, Password"
"Solomid.net","Email, Hash, IP1, Salt, Username"
"Sommeliersofhelenamt.com","Email, Password"
"Sonicfit.com","Email, Hash"
"Soslevego.hu","Email, Password"
"Soulplayps.com","Hash, IP1, Salt, Username"
"Sphaerentor.com","Email, Hash"
"Sprashivai.ru","Email, Password"
"Sroc.org","Email, Password"
"Ssushop.com","Email, Hash"
"Stageetoilesere.be","Email, Hash"
"Stagetv.com.hk","Email, Hash"
"Stationcaster.com","Email, Hash"
"Steamgamers.com","DOB, Email, Hash, IP1, Salt, Username"
"Stephenrdonaldson.com","Email, Hash"
"Stock2morrow.com","Email, Hash"
"Stoebich.cz","Email, Hash"
"Stpatsfriendsdinner.com","Email, Hash"
"Stream101","Address, Email, First, Hash, Last, Salt"
"Stress.wtf","Email, Hash, IP1, Username"
"Stribro.cz","Email, Hash"
"Striker.com","Email, Password"
"Studiopottery.co.uk","Email, Hash"
"Studylibs.com","Email, Hash"
"Stuff4beauty.com","Email, Hash"
"Sunnybe.com","Email, Password"
"Sunseeker-seychelles.net","Email, Hash"
"Supercomp.kiev.ua","Email, Password"
"Superteachertools.net","Email, Hash"
"Surveybasket.co.za","Email, Password"
"Svtvnetwork.com","Email, Hash"
"Swirlcatering.com.au","Email, Password"
"Systamex.ca","Email, Password"
"Sz-werratal.de","Email, Hash"
"Talkduo.com","Email, Password"
"Tangocity.com","Email, Password"
"Targetinsholdings.com","Email, Hash"
"Taxplus.in","Email, Password"
"Tcz.pl","Email, Hash"
"Teamviewer.ninja","Email, Hash, IP1, Username"
"Teens-xxx.org","Email, Password, Salt, Username"
"Teledisk.hr","Email, Hash"
"Tendersunlimited.com","Email, Hash"
"Terveelain.fi","Email, Hash"
"Test.naoso.jp","Email, Hash"
"Test.netamaker.com","Email, Hash"
"Test.testbag.com","Email, Password"
"Texas","Address, First, Last"
"Tfportal.de","Email, Hash, Username"
"Tgkrh.com.br","Email, Password"
"Theatrotheque.com","Email, Password"
"Thecomicguru.co.uk","Email, Hash"
"Thecprlady.net","Email, Hash"
"Thefappening.so","Email, Hash, Username"
"Thefirm.moneycontrol.com","Email, Password"
"Thegpguild.com","Email, Hash, Salt, Username"
"Thehousebreakingbible.com","Email, Hash, Salt, Username"
"Theoriesnelhalen.nl","Email, Hash"
"Thepartstrader.com","Email, Hash"
"Thevinelist.com","Email, Hash"
"Thewomensroom.org.uk","Email, Password"
"Theyouwho.azurewebsites.net","Email, Password"
"Tienganh.com.vn","Email, Password"
"Titi.com","Email, Password"
"Tj.zggjlw.com","Email, Password"
"Tneb.tnebnet.org","Email, Password"
"Toanhoc247.edu.vn","Email, Hash"
"Tombraider.sk","Email, Hash"
"Tonyhinnigan.com","Email, Password"
"Topkoo.fr","Email, Password"
"Torrents.ro","DOB, Email, Hash, IP1, Salt, Username"
"Toskanaumbrienimmobilien.de","Email, Password"
"Tractorpoint.com","Email, Password"
"Tradeitall.fabolous.lyricschords.net","Email, Password"
"Tradelead.com","Email, Hash"
"Tradingbitkoin","Email, Password"
"Trasi.foundationcenter.org","Email, Password"
"Travel.org.ua","Email, Hash"
"Truck2sell.com","Email, Hash"
"Trueinnovationcenter.com","Email, Hash"
"Tunnel.de","Email, Hash"
"Uazuay.edu.ec","Email, Password"
"Ugmuscle.com","Email, Hash, Salt, Username"
"Umoveindia.com","Email, Hash, IP1, Phone"
"Undone.weezer.lyricschords.net","Email, Password"
"Unforgivenwow.com","Email, Hash, IP1, IP2, Username"
"Uni24.de","Email, Hash"
"Uniondeexportadores.com","Email, Hash"
"Uniquereaders.net","Email, Hash"
"United-muscle.com","Email, Hash, Salt, Username"
"Unlimitedcriminalchecks.com","Email, Hash"
"Unlimitedquantity.com","Email, Password"
"Us.zariffashion.com","Email, Password"
"Usa.imaginationlibrary.com","Email, Hash"
"Usa","Address, DOB, Email, First, Last"
"Usmleforum.com","Email, Password"
"Valcan-online.com","Email, Hash, Salt, Username"
"Valegen.link","Email, Hash, IP1, Username"
"Valuxnetwork(buycraft)","Address, Country, Email, Ip, Name, Username"
"Vamall.co.kr","Email, Hash"
"Vandatourthailand.com","Email, Password"
"Vathorst","Email, Password"
"Vbulletin.org","DOB, Email, Hash, IP1, Salt, Username"
"Vbuy.hk","Email, Hash"
"Veganforum.com","Email, Hash, Salt, Username"
"Ventoux-immobilier.fr","Email, Password"
"Verified.cm","DOB, Email, Hash, IP1, Salt, Username"
"Vetkontakt.de","Email, Password"
"Video-sexboom.de","Email, Hash"
"Vimecraft.ru","Email, Hash, IP1, Username"
"Vinex.com","Email, Hash"
"Viplondonescortsguide.com","Email, Password, Username"
"Vipprizebond.com","Email, Password"
"Visualartsource.com","Email, Hash"
"Vlab.iitr.ac.in","Email, Password"
"Vlab1.iitr.ac.in","Email, Password"
"Vnonline.co.uk","Email, Hash"
"Volgagirl.com","Email, Password"
"Vpsace.com","Address, Email, First, Hash, IP1, Last"
"Vsro.de","Email, Password"
"Vss.ac.th","Email, Password"
"Vtgs.ch","Email, Password"
"Vupas.sk","Email, Password"
"Vw-bus-t4.de","Email, Hash"
"W.dulichnhatban.net","Email, Password"
"W.veteranforum.cz","Email, Password"
"Waffleminecraft.com","Email, Username"
"Wanadoo.fr","Email, Password, Username"
"Wealth-start-business.com","Email, Password"
"Webhostingtalk.com","DOB, Email, Hash, IP1, Salt, Username"
"Weibo.com","Email, Password"
"Werbeartikel-gkhandelsplan.de","Email, Password"
"Westsail.info","Email, Password"
"Whippet-shark.org","Email, Hash"
"Whirlwindent.com","Email, Password"
"Widdup.co.uk","Email, Password"
"Wiiuiso.com","DOB, Email, Hash, IP1, Salt, Username"
"Wildraiderz.com","Email, Hash, Salt, Username"
"Win7vista.com","DOB, Email, Hash, IP1, Salt, Username"
"Winelistsummit.com","Email, Password"
"Wisconsinhypnosiscenter.com","Email, Hash"
"Wlki.com","Email, Password"
"Womvegas.com","Email, Password"
"Woodevent.de","Email, Password"
"Woodwind.ad-bazaar.com","Email, Password"
"Wplay.isrl.co","Email, Hash"
"Wsemi.com","Email, Password"
"Ww.gamblerscorner.com","Email, Password"
"Wyo-realestate.com","Email, Password"
"Wyomingwestrealty.com","Email, Password"
"X4b.net","Address, Email, First, Hash, Username"
"Xinmucha.com","Email, Password"
"Xn--4gqprf2ac7ft97aryo6r5b3ov.tokyo","Email, Password"
"Xn--72c3ae2i1a3c8c.ml","Email, Hash"
"Xn--90aacmb0bd4a8i.xn","Hash, Username"
"Xploder.net","Email, Hash, IP1, Salt, Username"
"Xronize.com","Email, Hash, Salt, Username"
"Yasangwha.com","Email, Hash"
"Yasinovataya.ukrmisto.net","Email, Hash"
"Yfcaoysterbay.org","Email, Password"
"Yogacenter.co.kr","Email, Password"
"Zabzaa.com","Email, Password"
"Zing.vn","Address, DOB, Email, First, Hash, IP1, Phone, Username"
"Zybez.net","Email, IP1, Password, Username"